question,geography,pct_tot_total,pct_tot_11_or_younger,pct_tot_12,pct_tot_13,pct_tot_14_or_older,pct_tot_6th,pct_tot_7th,pct_tot_8th,pct_tot_asian,pct_tot_black,pct_tot_hispanic_latino,pct_tot_white,pct_tot_all_other_races,pct_tot_multiple_races,n_tot_total,n_tot_11_or_younger,n_tot_12,n_tot_13,n_tot_14_or_older,n_tot_6th,n_tot_7th,n_tot_8th,n_tot_asian,n_tot_black,n_tot_hispanic_latino,n_tot_white,n_tot_all_other_races,n_tot_multiple_races,pct_m_total,pct_m_11_or_younger,pct_m_12,pct_m_13,pct_m_14_or_older,pct_m_6th,pct_m_7th,pct_m_8th,pct_m_asian,pct_m_black,pct_m_hispanic_latino,pct_m_white,pct_m_all_other_races,pct_m_multiple_races,n_m_total,n_m_11_or_younger,n_m_12,n_m_13,n_m_14_or_older,n_m_6th,n_m_7th,n_m_8th,n_m_asian,n_m_black,n_m_hispanic_latino,n_m_white,n_m_all_other_races,n_m_multiple_races,pct_f_total,pct_f_11_or_younger,pct_f_12,pct_f_13,pct_f_14_or_older,pct_f_6th,pct_f_7th,pct_f_8th,pct_f_asian,pct_f_black,pct_f_hispanic_latino,pct_f_white,pct_f_all_other_races,pct_f_multiple_races,n_f_total,n_f_11_or_younger,n_f_12,n_f_13,n_f_14_or_older,n_f_6th,n_f_7th,n_f_8th,n_f_asian,n_f_black,n_f_hispanic_latino,n_f_white,n_f_all_other_races,n_f_multiple_races,pct_tot_13_or_older,pct_tot_other_multiple_races,n_tot_13_or_older,n_tot_other_multiple_races,pct_m_13_or_older,pct_m_other_multiple_races,n_m_13_or_older,n_m_other_multiple_races,pct_f_13_or_older,pct_f_other_multiple_races,n_f_13_or_older,n_f_other_multiple_races,year
QN10: Percentage of students who were ever in a physical fight,State,38.1,35.4,34.9,42.1,42.1,35.4,39.6,39.3,42.8,48.3,38.3,31.2,NA,44.5,1123,187,373,424,139,254,426,440,87,116,237,544,11,101,49.4,48.8,46.5,52.6,49.6,47.9,52.1,48.3,51.6,60.3,48.7,42.9,NA,48.7,561,90,190,212,69,125,225,208,58,53,118,262,7,51,26.1,22.4,23.1,29,35.8,22.2,26,30,NA,35.4,28.2,19.6,NA,39.7,559,97,183,211,68,129,200,230,29,61,118,282,4,50,NA,NA,NA,NA,NA,NA,NA,NA,NA,NA,NA,NA,2023
QN13: Percentage of students who were ever bullied on school property,State,35.6,36.6,42.9,29,30.9,39.8,39.9,27.4,19.2,28.9,28.7,42,NA,48.4,1124,187,374,425,138,254,427,440,88,116,237,544,11,101,29.3,28.8,36.7,22.3,29.5,31.4,35.6,21,24.4,22.2,21.5,35.9,NA,36.6,562,90,191,213,68,125,226,208,59,53,118,262,7,51,42,44.2,49.3,36,30.8,48.5,43.6,33.8,NA,33.8,36,48,NA,62,559,97,183,211,68,129,200,230,29,61,118,282,4,50,NA,NA,NA,NA,NA,NA,NA,NA,NA,NA,NA,NA,2023
"QN14: Percentage of students who were ever electronically bullied (counting being bullied through texting, Instagram, Facebook, or other social media)",State,22.7,18.6,24.4,24.6,21.1,18.9,26.8,22.1,19.9,19,23.2,23.9,NA,28.7,1122,187,372,424,139,253,426,440,88,116,236,544,11,100,15.7,14.1,14.6,17.9,15.3,12.8,16.6,16.9,20.6,11.5,16.4,17.4,NA,15.1,562,90,191,212,69,125,226,208,59,53,118,263,7,50,29.6,22.9,34.6,31.4,24.3,25.3,36.7,26.8,NA,24.2,29.5,30.4,NA,43.9,557,97,181,211,68,128,199,230,29,61,117,281,4,50,NA,NA,NA,NA,NA,NA,NA,NA,NA,NA,NA,NA,2023
QN15: Percentage of students who ever seriously thought about killing themselves,State,16.5,16,18.5,15.9,13.3,16.8,18.1,14.5,8.6,18.3,19.4,15.1,NA,19.6,1110,187,365,421,137,252,420,435,87,114,233,540,11,98,9.9,13.1,11.9,7,6.6,11.7,13.4,4.6,6.2,10.1,10.1,10.6,NA,8.1,557,90,186,212,69,123,223,208,58,53,117,261,7,49,23.2,18.8,25.2,25.5,20.8,22.1,22.2,25.4,NA,25.7,28.7,19.6,NA,32.6,551,97,179,208,67,129,196,226,29,59,116,279,4,49,NA,NA,NA,NA,NA,NA,NA,NA,NA,NA,NA,NA,2023
QN16: Percentage of students who ever made a plan about how they would kill themselves,State,10.3,8.3,9.7,12.1,10.8,8.9,10.5,11,7.8,12.5,13.4,7.9,NA,13.9,1111,186,367,421,137,251,422,435,88,114,234,539,11,98,6.9,7.8,6.1,7.6,5.8,6.1,8.7,5.3,6.2,11.9,5.8,5.6,NA,4,558,90,188,212,68,123,225,207,59,53,117,261,7,49,13.9,8.8,13.5,17.6,16.3,11.9,12.5,17.3,NA,13.6,20.9,10.2,NA,25.1,551,96,179,208,68,128,196,227,29,59,117,278,4,49,NA,NA,NA,NA,NA,NA,NA,NA,NA,NA,NA,NA,2023
QN17: Percentage of students who ever tried to kill themselves,State,7,4.4,6.3,8.8,9.6,4.1,8.5,8.3,3.9,10.1,9.7,5.3,NA,5.5,1116,187,367,423,139,252,422,439,87,115,236,541,11,99,4,4.6,5,3,3.6,3.9,6.5,1.5,1.4,4.4,6,3.9,NA,0,559,90,187,213,69,123,224,209,58,53,118,261,7,50,9.6,4.3,7.7,14.7,13.7,4.3,9.6,15,NA,13.3,13.5,6.7,NA,11.8,554,97,180,209,68,129,197,228,29,60,117,280,4,49,NA,NA,NA,NA,NA,NA,NA,NA,NA,NA,NA,NA,2023
"QN45: Percentage of students who reported that their mental health was most of the time or always not good (including stress, anxiety, and depression, during the 30 days before the survey)",State,18.4,13.2,20.1,19.5,21.9,13.1,23,19.4,12.2,17.8,19.2,19.2,NA,21.6,1115,185,370,423,137,250,424,437,88,115,234,540,10,101,10.9,8.1,15.2,9.3,8.8,6.8,17.1,9,4.5,12,9.4,12.7,NA,11.4,554,89,187,211,67,122,223,206,59,52,115,259,6,51,26.5,18.2,24.9,31.7,35.9,19.6,29.3,30.6,NA,24.3,28.8,25.6,NA,33.3,558,96,183,211,68,128,200,229,29,61,118,281,4,50,NA,NA,NA,NA,NA,NA,NA,NA,NA,NA,NA,NA,2023
QN10: Were ever in a physical fight,Central,30,31.1,22.8,NA,NA,30.099999999999998,31.4,NA,NA,30.9,NA,24.9,NA,NA,63,30,24,NA,NA,41,21,1,1,10,2,40,NA,NA,28.199999999999996,16.7,29.299999999999997,NA,NA,26.200000000000003,37.4,NA,NA,NA,NA,19.7,NA,NA,31,10,15,NA,NA,17,13,1,0,7,0,18,NA,NA,31.900000000000002,40.5,NA,NA,NA,33.800000000000004,NA,NA,NA,NA,NA,29.2,NA,NA,32,20,9,NA,NA,24,8,0,1,3,2,22,NA,NA,NA,NA,9,8,NA,NA,6,5,NA,NA,3,3,2023
QN13: Were ever bullied on school property,Central,35.6,33.5,36.4,NA,NA,34.8,41.6,NA,NA,38.800000000000004,NA,33.900000000000006,NA,NA,63,30,24,NA,NA,41,21,1,1,10,2,40,NA,NA,33.6,38.2,28.9,NA,NA,36,30,NA,NA,NA,NA,41.9,NA,NA,31,10,15,NA,NA,17,13,1,0,7,0,18,NA,NA,37.8,30.4,NA,NA,NA,33.6,NA,NA,NA,NA,NA,27.3,NA,NA,32,20,9,NA,NA,24,8,0,1,3,2,22,NA,NA,NA,NA,9,8,NA,NA,6,5,NA,NA,3,3,2023
QN14: Were ever electronically bullied,Central,15.299999999999999,9.6,23.200000000000003,NA,NA,11.600000000000001,31.6,NA,NA,4.3999999999999995,NA,16.3,NA,NA,63,30,24,NA,NA,41,21,1,1,10,2,40,NA,NA,7.9,10.5,8.1,NA,NA,6.1,14.299999999999999,NA,NA,NA,NA,12.9,NA,NA,31,10,15,NA,NA,17,13,1,0,7,0,18,NA,NA,23.3,8.9,NA,NA,NA,16.7,NA,NA,NA,NA,NA,19,NA,NA,32,20,9,NA,NA,24,8,0,1,3,2,22,NA,NA,NA,NA,9,8,NA,NA,6,5,NA,NA,3,3,2023
QN15: Ever seriously thought about killing themselves,Central,14.399999999999999,12.8,20.4,NA,NA,11.5,27,NA,NA,12.2,NA,15.9,NA,NA,63,30,24,NA,NA,41,21,1,1,10,2,40,NA,NA,9.9,11.899999999999999,11.4,NA,NA,6.9,20.3,NA,NA,NA,NA,9,NA,NA,31,10,15,NA,NA,17,13,1,0,7,0,18,NA,NA,19.2,13.4,NA,NA,NA,15.8,NA,NA,NA,NA,NA,21.6,NA,NA,32,20,9,NA,NA,24,8,0,1,3,2,22,NA,NA,NA,NA,9,8,NA,NA,6,5,NA,NA,3,3,2023
QN16: Ever made a plan about how they would kill themselves,Central,9,10.100000000000001,10.5,NA,NA,7.199999999999999,17.1,NA,NA,12.2,NA,9.1,NA,NA,63,30,24,NA,NA,41,21,1,1,10,2,40,NA,NA,7.5,11.899999999999999,5.7,NA,NA,6.9,10.100000000000001,NA,NA,NA,NA,4.5,NA,NA,31,10,15,NA,NA,17,13,1,0,7,0,18,NA,NA,10.7,8.9,NA,NA,NA,7.5,NA,NA,NA,NA,NA,12.8,NA,NA,32,20,9,NA,NA,24,8,0,1,3,2,22,NA,NA,NA,NA,9,8,NA,NA,6,5,NA,NA,3,3,2023
QN17: Ever tried to kill themselves,Central,2.8000000000000003,2.7,3.9,NA,NA,1.9,6.4,NA,NA,0,NA,4.5,NA,NA,63,30,24,NA,NA,41,21,1,1,10,2,40,NA,NA,2.4,0,5.7,NA,NA,0,10.100000000000001,NA,NA,NA,NA,4.5,NA,NA,31,10,15,NA,NA,17,13,1,0,7,0,18,NA,NA,3.2,4.5,NA,NA,NA,3.6999999999999997,NA,NA,NA,NA,NA,4.6,NA,NA,32,20,9,NA,NA,24,8,0,1,3,2,22,NA,NA,NA,NA,9,8,NA,NA,6,5,NA,NA,3,3,2023
QN45: Reported that their mental health was most of the time or always not good,Central,15,10.2,18.2,NA,NA,9.700000000000001,38,NA,NA,4.3999999999999995,NA,17.7,NA,NA,63,30,24,NA,NA,41,21,1,1,10,2,40,NA,NA,12.1,10.5,13.8,NA,NA,6.1,32.1,NA,NA,NA,NA,17.4,NA,NA,31,10,15,NA,NA,17,13,1,0,7,0,18,NA,NA,18.099999999999998,10,NA,NA,NA,12.9,NA,NA,NA,NA,NA,18,NA,NA,32,20,9,NA,NA,24,8,0,1,3,2,22,NA,NA,NA,NA,9,8,NA,NA,6,5,NA,NA,3,3,2023
QN10: Were ever in a physical fight,Eastern,59.8,NA,NA,NA,NA,NA,NA,60.6,NA,66.3,61.5,31.6,NA,NA,56,1,3,NA,NA,1,4,50,0,21,11,19,NA,NA,53.6,NA,NA,NA,NA,NA,NA,53.7,NA,NA,NA,27.500000000000004,NA,NA,35,1,3,NA,NA,1,4,29,0,9,9,14,NA,NA,71.39999999999999,NA,NA,NA,NA,NA,NA,71.39999999999999,NA,72.5,NA,NA,NA,NA,19,0,0,NA,NA,0,0,19,0,11,1,5,NA,NA,59.9,NA,52,4,52.7,NA,31,3,71.39999999999999,NA,19,1,2023
QN13: Were ever bullied on school property,Eastern,33.800000000000004,NA,NA,NA,NA,NA,NA,32.4,NA,40.300000000000004,17,44.5,NA,NA,56,1,3,NA,NA,1,4,50,0,21,11,19,NA,NA,28.999999999999996,NA,NA,NA,NA,NA,NA,24.7,NA,NA,NA,46.6,NA,NA,35,1,3,NA,NA,1,4,29,0,9,9,14,NA,NA,35.9,NA,NA,NA,NA,NA,NA,35.9,NA,44.9,NA,NA,NA,NA,19,0,0,NA,NA,0,0,19,0,11,1,5,NA,NA,34.699999999999996,NA,52,4,30.3,NA,31,3,35.9,NA,19,1,2023
QN14: Were ever electronically bullied,Eastern,20.9,NA,NA,NA,NA,NA,NA,19.8,NA,26,23.5,18.3,NA,NA,56,1,3,NA,NA,1,4,50,0,21,11,19,NA,NA,15,NA,NA,NA,NA,NA,NA,10.8,NA,NA,NA,17.5,NA,NA,35,1,3,NA,NA,1,4,29,0,9,9,14,NA,NA,21.099999999999998,NA,NA,NA,NA,NA,NA,21.099999999999998,NA,27.500000000000004,NA,NA,NA,NA,19,0,0,NA,NA,0,0,19,0,11,1,5,NA,NA,22.5,NA,52,4,17.5,NA,31,3,21.099999999999998,NA,19,1,2023
QN15: Ever seriously thought about killing themselves,Eastern,20.200000000000003,NA,NA,NA,NA,NA,NA,21,NA,27,27.200000000000003,6.5,NA,NA,55,1,3,NA,NA,1,4,49,0,21,10,19,NA,NA,7.7,NA,NA,NA,NA,NA,NA,6.5,NA,NA,NA,0,NA,NA,35,1,3,NA,NA,1,4,29,0,9,9,14,NA,NA,35,NA,NA,NA,NA,NA,NA,35,NA,44.9,NA,NA,NA,NA,19,0,0,NA,NA,0,0,19,0,11,1,5,NA,NA,21.7,NA,51,4,9,NA,31,3,35,NA,19,1,2023
QN16: Ever made a plan about how they would kill themselves,Eastern,14.7,NA,NA,NA,NA,NA,NA,14.899999999999999,NA,16,18.2,11,NA,NA,55,1,3,NA,NA,1,4,49,0,21,10,19,NA,NA,7.5,NA,NA,NA,NA,NA,NA,6.2,NA,NA,NA,6.7,NA,NA,35,1,3,NA,NA,1,4,29,0,9,9,14,NA,NA,23.400000000000002,NA,NA,NA,NA,NA,NA,23.400000000000002,NA,26.6,NA,NA,NA,NA,19,0,0,NA,NA,0,0,19,0,11,1,5,NA,NA,15.8,NA,51,4,8.7,NA,31,3,23.400000000000002,NA,19,1,2023
QN17: Ever tried to kill themselves,Eastern,16.900000000000002,NA,NA,NA,NA,NA,NA,17.4,NA,27,25.5,0,NA,NA,56,1,3,NA,NA,1,4,50,0,21,11,19,NA,NA,7.7,NA,NA,NA,NA,NA,NA,6.5,NA,NA,NA,0,NA,NA,35,1,3,NA,NA,1,4,29,0,9,9,14,NA,NA,22.6,NA,NA,NA,NA,NA,NA,22.6,NA,35.699999999999996,NA,NA,NA,NA,19,0,0,NA,NA,0,0,19,0,11,1,5,NA,NA,18.2,NA,52,4,9,NA,31,3,22.6,NA,19,1,2023
QN45: Reported that their mental health was most of the time or always not good,Eastern,25.1,NA,NA,NA,NA,NA,NA,28.000000000000004,NA,36.4,19.400000000000002,17.5,NA,NA,56,1,3,NA,NA,1,4,50,0,21,11,19,NA,NA,8.6,NA,NA,NA,NA,NA,NA,10.8,NA,NA,NA,6.7,NA,NA,35,1,3,NA,NA,1,4,29,0,9,9,14,NA,NA,45.300000000000004,NA,NA,NA,NA,NA,NA,45.300000000000004,NA,54.1,NA,NA,NA,NA,19,0,0,NA,NA,0,0,19,0,11,1,5,NA,NA,27.1,NA,52,4,10,NA,31,3,45.300000000000004,NA,19,1,2023
QN10: Were ever in a physical fight,Northern,32.800000000000004,34.9,32.2,NA,NA,34.8,34.1,30.4,40.300000000000004,44.1,30.7,26.200000000000003,NA,NA,2005,485,627,NA,NA,618,644,742,234,208,542,786,NA,NA,43.3,50.5,38.9,NA,NA,46.800000000000004,41.199999999999996,42.4,49.5,66.2,38.800000000000004,33.800000000000004,NA,NA,1023,244,333,NA,NA,321,342,359,132,92,256,419,NA,NA,21.7,17.299999999999997,25,NA,NA,21.9,26.5,18.3,19.3,29.599999999999998,23.400000000000002,18.099999999999998,NA,NA,974,239,290,NA,NA,295,297,382,101,116,284,364,NA,NA,32.4,22.3,893,197,43.1,36.9,446,100,21.3,9.1,445,97,2023
QN13: Were ever bullied on school property,Northern,22.5,27.1,27.400000000000002,NA,NA,28.999999999999996,22.3,18.8,18.5,19.8,25.3,23.400000000000002,NA,NA,2003,484,628,NA,NA,617,645,740,235,208,541,785,NA,NA,16.7,17.8,24.5,NA,NA,19.3,20.4,12.5,22.900000000000002,12.9,12.7,17.5,NA,NA,1019,241,334,NA,NA,318,343,357,133,92,255,417,NA,NA,28.599999999999998,37.4,30.5,NA,NA,39.300000000000004,24.3,25.3,8.4,24.3,36.8,29.7,NA,NA,976,241,290,NA,NA,297,297,382,101,116,284,365,NA,NA,17.8,28.7,891,197,11.4,17.4,444,100,24.3,38.9,445,97,2023
QN14: Were ever electronically bullied,Northern,18.3,21.2,16.400000000000002,NA,NA,19.3,15.4,19.400000000000002,17.7,20.9,22.6,14.2,NA,NA,2005,485,628,NA,NA,618,645,741,235,207,542,787,NA,NA,14.499999999999998,16.8,10.5,NA,NA,13.200000000000001,10.7,17.4,18.5,21.9,12.4,11.5,NA,NA,1021,242,334,NA,NA,319,343,358,133,91,256,420,NA,NA,22.400000000000002,26,22.8,NA,NA,25.7,20.599999999999998,21.5,15.9,20.1,31.900000000000002,17.2,NA,NA,976,241,290,NA,NA,297,297,382,101,116,284,364,NA,NA,18.3,23.400000000000002,892,196,15.9,14.799999999999999,445,99,20.8,30.8,445,97,2023
QN15: Ever seriously thought about killing themselves,Northern,13.4,14.000000000000002,15.6,NA,NA,14.299999999999999,14.6,12.1,5.7,17.9,18.9,11,NA,NA,1992,485,622,NA,NA,617,638,736,232,206,538,782,NA,NA,7.9,10.8,11.600000000000001,NA,NA,8.7,11.799999999999999,4.6,3.3000000000000003,17.4,6.800000000000001,8,NA,NA,1020,243,331,NA,NA,319,341,359,132,92,256,418,NA,NA,19.3,17.4,19.8,NA,NA,20,17.599999999999998,19.900000000000002,11.3,18.3,30.099999999999998,14.2,NA,NA,964,240,287,NA,NA,296,292,376,99,114,280,361,NA,NA,11.899999999999999,11.600000000000001,885,196,4.5,12.6,446,99,19.6,10.8,437,97,2023
QN16: Ever made a plan about how they would kill themselves,Northern,9.700000000000001,8,10.5,NA,NA,10.6,9.700000000000001,8.799999999999999,6.3,14.000000000000002,12.9,6.4,NA,NA,1997,485,624,NA,NA,617,640,739,233,205,540,784,NA,NA,6.2,2.6,8.7,NA,NA,4.1000000000000005,8.5,5.1,5.5,19.5,2.9000000000000004,4.7,NA,NA,1020,243,332,NA,NA,319,341,359,133,91,256,418,NA,NA,13.4,14.000000000000002,12.5,NA,NA,17.5,11,12.7,8.1,10.2,22,8.3,NA,NA,969,240,288,NA,NA,296,294,379,99,114,282,363,NA,NA,9.9,12.7,888,196,6.2,11,445,99,13.8,14.2,441,97,2023
QN17: Ever tried to kill themselves,Northern,5.800000000000001,5.2,6.3,NA,NA,4.5,7.199999999999999,5.6000000000000005,3.3000000000000003,9.6,8.200000000000001,4,NA,NA,1997,485,623,NA,NA,617,640,739,231,206,540,785,NA,NA,3.1,4.2,5.7,NA,NA,3.3000000000000003,6.1,0.7000000000000001,0.2,7.199999999999999,4.3,2.8000000000000003,NA,NA,1017,242,330,NA,NA,318,340,358,131,91,256,417,NA,NA,8.6,6.3,7.000000000000001,NA,NA,5.800000000000001,8.3,10.6,10.5,11.200000000000001,11.799999999999999,5.3,NA,NA,972,241,289,NA,NA,297,295,380,99,115,282,365,NA,NA,5.7,2.6,889,196,1.0999999999999999,0.1,445,99,10.5,4.9,442,97,2023
QN45: Reported that their mental health was most of the time or always not good,Northern,16.1,11.200000000000001,14.399999999999999,NA,NA,13.200000000000001,17.299999999999997,17,10.2,19.8,19.5,14.899999999999999,NA,NA,1997,485,624,NA,NA,616,641,738,235,207,537,783,NA,NA,8.6,5.5,12.6,NA,NA,8.1,9.8,8.1,2.7,22.400000000000002,7.6,8,NA,NA,1017,244,331,NA,NA,320,340,356,133,91,252,418,NA,NA,23.799999999999997,17.5,16.2,NA,NA,18.4,25.4,26.1,27.6,18.099999999999998,29.799999999999997,22.1,NA,NA,972,239,289,NA,NA,294,296,381,101,116,283,362,NA,NA,19,18.5,888,196,7.5,19.400000000000002,442,99,30.7,17.599999999999998,444,97,2023
QN10: Were ever in a physical fight,Northwestern,40.699999999999996,25.7,31.7,NA,NA,27.200000000000003,38.7,46.400000000000006,NA,45.7,47.4,34.699999999999996,NA,NA,259,16,90,NA,NA,18,124,117,4,22,71,123,NA,NA,51.1,NA,42.699999999999996,NA,NA,NA,48.3,53.5,NA,63.1,58.3,45.4,NA,NA,132,6,46,NA,NA,7,69,56,3,11,36,58,NA,NA,29.799999999999997,10.5,21.4,NA,NA,8.7,27.6,38.7,NA,27.6,36.6,24.9,NA,NA,127,10,44,NA,NA,11,55,61,1,11,35,65,NA,NA,48.9,44.2,153,35,56.00000000000001,44.6,80,21,40.1,43.7,73,14,2023
QN13: Were ever bullied on school property,Northwestern,43.9,43.8,49.6,NA,NA,53.400000000000006,44.9,40.5,NA,30.9,32.2,49.8,NA,NA,259,16,90,NA,NA,18,124,117,4,22,71,123,NA,NA,41.4,NA,49.5,NA,NA,NA,41.3,38.800000000000004,NA,26.900000000000002,35.3,44.2,NA,NA,132,6,46,NA,NA,7,69,56,3,11,36,58,NA,NA,46.5,51.2,49.8,NA,NA,51.5,48.9,42.199999999999996,NA,35.099999999999994,29.099999999999998,55.00000000000001,NA,NA,127,10,44,NA,NA,11,55,61,1,11,35,65,NA,NA,40.2,60,153,35,37.9,52.5,80,21,43,71.3,73,14,2023
QN14: Were ever electronically bullied,Northwestern,25.3,18.4,21.2,NA,NA,15.1,26.1,26.900000000000002,NA,27.900000000000002,20.4,25.900000000000002,NA,NA,259,16,90,NA,NA,18,124,117,4,22,71,123,NA,NA,16.6,NA,10,NA,NA,NA,17.2,19.1,NA,9,22.5,13.700000000000001,NA,NA,132,6,46,NA,NA,7,69,56,3,11,36,58,NA,NA,34.300000000000004,29.9,31.6,NA,NA,24.8,36.199999999999996,35.3,NA,47.4,18.3,37.1,NA,NA,127,10,44,NA,NA,11,55,61,1,11,35,65,NA,NA,28.999999999999996,32,153,35,22.2,15.6,80,21,37.3,56.99999999999999,73,14,2023
QN15: Ever seriously thought about killing themselves,Northwestern,20.599999999999998,18.9,24.5,NA,NA,29.2,21,18.099999999999998,NA,30,21.8,14.499999999999998,NA,NA,255,16,86,NA,NA,18,120,117,4,22,69,122,NA,NA,13,NA,16.7,NA,NA,NA,15.4,4.5,NA,5.6000000000000005,15.4,8.1,NA,NA,131,6,45,NA,NA,7,68,56,3,11,35,58,NA,NA,28.799999999999997,8.200000000000001,32.2,NA,NA,19.400000000000002,27.6,32.800000000000004,NA,55.2,28.1,20.3,NA,NA,124,10,41,NA,NA,11,52,61,1,11,34,64,NA,NA,18.4,26.400000000000002,153,34,8.5,14.000000000000002,80,21,30.7,46.800000000000004,73,13,2023
QN16: Ever made a plan about how they would kill themselves,Northwestern,12.5,6.9,10.6,NA,NA,13.3,12.2,12.7,NA,18.5,15.1,9.5,NA,NA,255,16,87,NA,NA,18,121,116,4,22,69,122,NA,NA,7.5,NA,4.9,NA,NA,NA,10.5,2.7,NA,11.799999999999999,6.800000000000001,6.3,NA,NA,131,6,46,NA,NA,7,69,55,3,11,35,58,NA,NA,17.9,0,16.2,NA,NA,12.5,14.2,23.400000000000002,NA,25.4,23.400000000000002,12.5,NA,NA,124,10,41,NA,NA,11,52,61,1,11,34,64,NA,NA,14.6,12.9,152,34,7.7,6.5,79,21,22.900000000000002,23.3,73,13,2023
QN17: Ever tried to kill themselves,Northwestern,10.4,6.9,9.8,NA,NA,11.799999999999999,9.8,10.8,NA,12.8,12.4,8.3,NA,NA,256,16,87,NA,NA,18,121,117,4,22,70,122,NA,NA,6.4,NA,7.5,NA,NA,NA,7.1,1.3,NA,11.799999999999999,4.3999999999999995,4.2,NA,NA,132,6,46,NA,NA,7,69,56,3,11,36,58,NA,NA,14.7,0,12,NA,NA,0,13,21.099999999999998,NA,13.8,20.4,12.1,NA,NA,124,10,41,NA,NA,11,52,61,1,11,34,64,NA,NA,11.4,5.7,153,34,4.6,0,80,21,19.8,15,73,13,2023
QN45: Reported that their mental health was most of the time or always not good,Northwestern,21.9,16.8,28.1,NA,NA,9.5,25.900000000000002,20.4,NA,22,20.3,22.8,NA,NA,258,16,90,NA,NA,18,123,117,4,22,71,123,NA,NA,14.299999999999999,NA,26.900000000000002,NA,NA,NA,24.4,5.6000000000000005,NA,11.4,11.3,16.6,NA,NA,131,6,46,NA,NA,7,68,56,3,11,36,58,NA,NA,29.799999999999997,18.8,29.299999999999997,NA,NA,15.6,27.700000000000003,36.5,NA,32.9,29.099999999999998,28.499999999999996,NA,NA,127,10,44,NA,NA,11,55,61,1,11,35,65,NA,NA,18.6,21.7,152,34,7.199999999999999,9.9,79,20,32.6,39.2,73,14,2023
QN10: Were ever in a physical fight,Southwestern,40.1,35.4,43,NA,NA,37,46.2,34.599999999999994,NA,66.9,56.89999999999999,35,NA,NA,276,71,123,NA,NA,100,136,39,1,13,22,211,NA,NA,60.6,57.199999999999996,66.10000000000001,NA,NA,56.99999999999999,72.39999999999999,49.6,NA,NA,70.1,56.39999999999999,NA,NA,137,37,58,NA,NA,53,64,19,1,8,12,102,NA,NA,17.599999999999998,9.8,22.7,NA,NA,13.700000000000001,22.900000000000002,11.899999999999999,NA,NA,41.3,13.100000000000001,NA,NA,138,34,65,NA,NA,47,71,20,0,4,10,109,NA,NA,41.9,64.8,82,22,56.89999999999999,70.39999999999999,42,11,18.099999999999998,58.9,39,11,2023
QN13: Were ever bullied on school property,Southwestern,52.2,50.8,59.699999999999996,NA,NA,52.6,58.699999999999996,30,NA,36.4,41.3,53.1,NA,NA,276,71,123,NA,NA,100,136,39,1,13,22,211,NA,NA,41,39.1,48.9,NA,NA,38,56.8,14.000000000000002,NA,NA,38.2,42,NA,NA,137,37,58,NA,NA,53,64,19,1,8,12,102,NA,NA,63.7,64.5,69.3,NA,NA,69.6,59.199999999999996,54.2,NA,NA,44.9,64.4,NA,NA,138,34,65,NA,NA,47,71,20,0,4,10,109,NA,NA,39.800000000000004,82,82,22,31.2,71.3,42,11,48.5,93.4,39,11,2023
QN14: Were ever electronically bullied,Southwestern,31.900000000000002,25.2,38,NA,NA,26.8,41.4,22.5,NA,12.9,36.6,32.2,NA,NA,274,71,121,NA,NA,99,135,39,1,13,21,210,NA,NA,22.1,17.4,30.2,NA,NA,21.2,27.200000000000003,14.000000000000002,NA,NA,19.3,24.3,NA,NA,137,37,58,NA,NA,53,64,19,1,8,12,102,NA,NA,41.9,34.5,45.1,NA,NA,33.4,52,35.4,NA,NA,NA,40.300000000000004,NA,NA,136,34,63,NA,NA,46,70,20,0,4,9,108,NA,NA,30.7,46.5,82,22,16.1,25.1,42,11,46.9,69.19999999999999,39,11,2023
QN15: Ever seriously thought about killing themselves,Southwestern,17.9,19.5,17.5,NA,NA,21.3,17.5,4.6,NA,7.3999999999999995,13.900000000000002,18.5,NA,NA,273,71,121,NA,NA,99,135,38,1,13,22,209,NA,NA,11.600000000000001,10.4,11.700000000000001,NA,NA,12.9,12.9,4.1000000000000005,NA,NA,0,15.299999999999999,NA,NA,135,37,56,NA,NA,52,63,19,1,8,12,101,NA,NA,23.599999999999998,30.3,22.400000000000002,NA,NA,30.8,19.400000000000002,5.4,NA,NA,30.2,21.8,NA,NA,137,34,65,NA,NA,47,71,19,0,4,10,108,NA,NA,16,25.3,81,21,13.3,0,42,10,15.2,49.8,38,11,2023
QN16: Ever made a plan about how they would kill themselves,Southwestern,8.1,7.199999999999999,8.7,NA,NA,7.3999999999999995,9.5,6.5,NA,0,9.9,7.5,NA,NA,272,70,121,NA,NA,98,135,38,1,13,22,208,NA,NA,5.7,8.7,3.8,NA,NA,6.2,5.7,4.1000000000000005,NA,NA,8.9,6.1,NA,NA,135,37,56,NA,NA,52,63,19,1,8,12,101,NA,NA,10.7,5.5,12.9,NA,NA,8.7,12.9,10.4,NA,NA,11.1,8.9,NA,NA,136,33,65,NA,NA,46,71,19,0,4,10,107,NA,NA,8.1,28.199999999999996,81,21,4.2,5.8999999999999995,42,10,13.900000000000002,49.8,38,11,2023
QN17: Ever tried to kill themselves,Southwestern,5.5,5.7,3.6999999999999997,NA,NA,5,7.199999999999999,2.1,NA,7.3999999999999995,4.2,5.1,NA,NA,273,71,121,NA,NA,99,135,38,1,13,22,209,NA,NA,3.5999999999999996,6.7,1.5,NA,NA,4.8,3.2,0,NA,NA,0,4.7,NA,NA,135,37,56,NA,NA,52,63,19,1,8,12,101,NA,NA,6.6000000000000005,4.5,5.6000000000000005,NA,NA,5.2,8.3,5.4,NA,NA,9.2,5.6000000000000005,NA,NA,137,34,65,NA,NA,47,71,19,0,4,10,108,NA,NA,8.6,13,81,21,2.1,0,42,10,12.6,25.6,38,11,2023
QN45: Reported that their mental health was most of the time or always not good,Southwestern,20,18.3,22.5,NA,NA,18.2,24.2,13.700000000000001,NA,6.3,16.7,21.099999999999998,NA,NA,273,69,122,NA,NA,97,136,39,1,13,22,208,NA,NA,11.200000000000001,8.4,13.900000000000002,NA,NA,7.5,17.299999999999997,10,NA,NA,13.100000000000001,13.4,NA,NA,135,36,57,NA,NA,51,64,19,1,8,12,100,NA,NA,29.5,29.9,29.799999999999997,NA,NA,30.599999999999998,30.5,19.3,NA,NA,20.9,28.799999999999997,NA,NA,137,33,65,NA,NA,46,71,20,0,4,10,108,NA,NA,17.8,32.7,82,22,10.9,0,42,11,28.199999999999996,67.4,39,11,2023
