question,geography,pct_tot_total,pct_tot_15_or_younger,pct_tot_16_or_17,pct_tot_18_or_older,pct_tot_9th,pct_tot_10th,pct_tot_11th,pct_tot_12th,pct_tot_asian,pct_tot_black,pct_tot_hispanic_latino,pct_tot_white,pct_tot_all_other_races,pct_tot_multiple_races,n_tot_total,n_tot_15_or_younger,n_tot_16_or_17,n_tot_18_or_older,n_tot_9th,n_tot_10th,n_tot_11th,n_tot_12th,n_tot_asian,n_tot_black,n_tot_hispanic_latino,n_tot_white,n_tot_all_other_races,n_tot_multiple_races,pct_m_total,pct_m_15_or_younger,pct_m_16_or_17,pct_m_18_or_older,pct_m_9th,pct_m_10th,pct_m_11th,pct_m_12th,pct_m_asian,pct_m_black,pct_m_hispanic_latino,pct_m_white,pct_m_all_other_races,pct_m_multiple_races,n_m_total,n_m_15_or_younger,n_m_16_or_17,n_m_18_or_older,n_m_9th,n_m_10th,n_m_11th,n_m_12th,n_m_asian,n_m_black,n_m_hispanic_latino,n_m_white,n_m_all_other_races,n_m_multiple_races,pct_f_total,pct_f_15_or_younger,pct_f_16_or_17,pct_f_18_or_older,pct_f_9th,pct_f_10th,pct_f_11th,pct_f_12th,pct_f_asian,pct_f_black,pct_f_hispanic_latino,pct_f_white,pct_f_all_other_races,pct_f_multiple_races,n_f_total,n_f_15_or_younger,n_f_16_or_17,n_f_18_or_older,n_f_9th,n_f_10th,n_f_11th,n_f_12th,n_f_asian,n_f_black,n_f_hispanic_latino,n_f_white,n_f_all_other_races,n_f_multiple_races,pct_tot_other_multiple_races,pct_tot_heterosexual,pct_tot_gay_lesbian_or_bisexual,n_tot_other_multiple_races,n_tot_heterosexual,n_tot_gay_lesbian_or_bisexual,pct_m_other_multiple_races,pct_m_heterosexual,pct_m_gay_lesbian_or_bisexual,n_m_other_multiple_races,n_m_heterosexual,n_m_gay_lesbian_or_bisexual,pct_f_other_multiple_races,pct_f_heterosexual,pct_f_gay_lesbian_or_bisexual,n_f_other_multiple_races,n_f_heterosexual,n_f_gay_lesbian_or_bisexual,year
"QN12: Percentage of students who carried a weapon on school property (such as a gun, knife, or club, on at least 1 day during the 30 days before the survey)",State,1.8,1.5,2,1.9,1,1.7,2.4,2.2,1.3,1.6,1,2.4,NA,1.3,1956,1001,846,109,544,652,370,383,146,406,525,654,13,199,2.5,1.8,3.1,3.1,0.2,3.1,3.4,3.7,1.3,2,1.5,3.6,NA,1.8,955,484,405,66,266,320,184,180,80,195,240,332,7,96,1,1.2,1,0,1.9,0.3,1.4,0.6,1.3,1.3,0.6,1.2,NA,0.9,997,516,439,42,277,332,185,201,65,209,284,322,6,103,NA,NA,NA,NA,NA,NA,NA,NA,NA,NA,NA,NA,NA,NA,NA,NA,NA,NA,2023
"QN13: Percentage of students who carried a gun (not counting the days when they carried a gun only for hunting or for a sport such as target shooting, on at least 1 day during the 12 months before the survey)",State,2.8,2,3.5,2.2,1.7,2.7,2.7,4.2,0,2.7,2.2,3.6,NA,1.8,1957,1002,846,109,545,652,370,383,146,406,525,655,13,199,4.2,3.2,5.4,2.1,2.8,3.9,4.4,6.2,0,5.3,3,5.2,NA,2.5,956,485,405,66,267,320,184,180,80,195,240,333,7,96,1.3,0.8,1.6,2.5,0.6,1.5,0.9,2.1,0,0,1.3,1.8,NA,1.1,997,516,439,42,277,332,185,201,65,209,284,322,6,103,NA,NA,NA,NA,NA,NA,NA,NA,NA,NA,NA,NA,NA,NA,NA,NA,NA,NA,2023
QN14: Percentage of students who did not go to school because they felt unsafe at school or on their way to or from school (on at least 1 day during the 30 days before the survey),State,13.2,13.1,13.5,12.1,12.2,13.5,16.4,10.8,7.7,14.9,14,12.5,NA,15.7,1957,1002,846,109,545,652,370,383,146,404,526,656,13,199,8.8,8.5,9.4,6.6,6.3,10.1,12.2,6.8,7.9,8.1,11.3,8.3,NA,9.9,956,485,405,66,267,320,184,180,80,194,240,334,7,96,17.8,17.5,17.7,21.8,18.1,17.2,21,15.1,7.6,21.1,16.7,17.3,NA,21.2,997,516,439,42,277,332,185,201,65,208,285,322,6,103,NA,NA,NA,NA,NA,NA,NA,NA,NA,NA,NA,NA,NA,NA,NA,NA,NA,NA,2023
"QN15: Percentage of students who were threatened or injured with a weapon on school property (such as a gun, knife, or club, one or more times during the 12 months before the survey)",State,8,7.3,8.5,8.9,7.2,7.1,10.1,7.7,3,8.1,8.3,8.4,NA,9,1957,1003,845,109,546,652,370,382,144,406,526,656,13,199,8,7.5,8.8,6.1,6.8,7.7,10.8,6.5,2.9,8.9,8.8,8,NA,8.1,955,485,404,66,267,320,184,179,78,195,240,334,7,96,8,7.1,8.3,14,7.6,6.5,9.4,8.9,3.2,7.3,7.8,8.8,NA,9.9,998,517,439,42,278,332,185,201,65,209,285,322,6,103,NA,NA,NA,NA,NA,NA,NA,NA,NA,NA,NA,NA,NA,NA,NA,NA,NA,NA,2023
QN16: Percentage of students who were in a physical fight (one or more times during the 12 months before the survey),State,19,22.2,16.6,14.7,23.3,18.5,18.6,14.5,14.1,21.4,16.3,18.7,NA,23,1960,1004,847,109,547,653,370,383,146,406,526,657,13,199,23.7,26.3,22.6,15.1,26.2,22.8,25.1,19.6,16.5,26.7,18.3,24.8,NA,24.1,957,486,405,66,268,320,184,180,80,195,240,334,7,96,14,17.9,10.5,14.3,20.4,13.9,11.8,9.4,11.1,16.2,14.4,11.8,NA,21.9,999,517,440,42,278,333,185,201,65,209,285,323,6,103,NA,NA,NA,NA,NA,NA,NA,NA,NA,NA,NA,NA,NA,NA,NA,NA,NA,NA,2023
QN24: Percentage of students who were bullied on school property (ever during the 12 months before the survey),State,17.1,17.1,17.1,17.1,18.6,14.8,19.1,15.9,9.8,13,15.6,20.1,NA,18.9,1959,1002,847,110,547,651,370,384,146,405,524,657,13,199,13.7,14.3,13.8,9.1,14.3,13,17.1,9.9,6.6,9.7,13,15.8,NA,16.8,958,485,406,67,268,319,184,182,80,195,239,334,7,96,20.9,20,20.6,31.6,23.4,16.6,21.2,22.5,14.5,16.4,18.2,25,NA,20.9,997,516,439,42,278,332,185,200,65,208,284,323,6,103,NA,NA,NA,NA,NA,NA,NA,NA,NA,NA,NA,NA,NA,NA,NA,NA,NA,NA,2023
"QN25: Percentage of students who were electronically bullied (counting being bullied through texting, Instagram, Facebook, or other social media, ever during the 12 months before the survey)",State,11.9,12.8,11.1,11.1,13.3,10,14.3,9.8,4.7,8.1,10.9,13.7,NA,19,1958,1001,848,109,544,653,370,385,145,406,524,657,12,199,8.1,9.2,7.7,4.1,8.3,7.8,10.2,5.6,2.4,6.5,8.9,8,NA,14.4,958,485,406,67,267,320,184,182,80,195,239,334,7,96,16,16.7,14.7,24,18.8,12.2,18.8,14.3,8.1,9.8,13,20.1,NA,23.3,996,515,440,41,276,333,185,201,64,209,284,323,5,103,NA,NA,NA,NA,NA,NA,NA,NA,NA,NA,NA,NA,NA,NA,NA,NA,NA,NA,2023
"QN26: Percentage of students who felt sad or hopeless (almost every day for >=2 weeks in a row so that they stopped doing some usual activities, ever during the 12 months before the survey)",State,33.4,31.6,35,33.3,29.7,33.5,34.1,36.8,18.9,30.1,37.6,33.5,NA,42.7,1952,999,843,110,543,650,370,382,145,404,523,654,13,199,20.9,17.8,22.8,26.9,17.8,20.1,21.3,24.9,10.4,18,25.3,20.7,NA,28.8,955,484,404,67,267,318,184,181,80,195,239,332,7,96,46.6,45.6,47.6,45.3,42.2,47.8,47.8,49.4,31.3,41.6,49.8,47.9,NA,55.7,993,514,437,42,275,332,185,199,64,207,283,322,6,103,NA,NA,NA,NA,NA,NA,NA,NA,NA,NA,NA,NA,NA,NA,NA,NA,NA,NA,2023
QN27: Percentage of students who seriously considered attempting suicide (during the 12 months before the survey),State,16.5,15.6,17.4,16,16,16.4,17.7,16.3,11.3,14.5,14.3,17.6,NA,25.9,1947,997,840,110,544,647,368,381,145,404,525,649,13,197,9.9,8.7,10.2,14.1,10.2,10.2,9,10.2,10,8,8.5,10.7,NA,15.2,953,483,403,67,267,317,183,181,80,195,239,331,7,95,23.5,22.4,24.7,19.8,21.7,22.9,27,22.6,13.4,20.4,20.1,25.5,NA,36,990,513,435,42,276,330,184,198,64,207,285,318,6,102,NA,NA,NA,NA,NA,NA,NA,NA,NA,NA,NA,NA,NA,NA,NA,NA,NA,NA,2023
QN28: Percentage of students who made a plan about how they would attempt suicide (during the 12 months before the survey),State,12.5,12.2,12.5,14.6,13.5,11.6,12.1,13,10.6,12.9,10.4,12.4,NA,19.9,1932,988,835,109,539,639,369,378,143,402,520,644,13,198,9.7,8.6,10.1,13.2,9.1,10.4,8.9,10.6,7.3,9.2,9,10,NA,14,949,481,402,66,266,315,184,179,78,194,237,331,7,96,15.4,15.7,14.9,17.3,17.8,12.9,15.6,15.3,15.4,15.8,11.8,15,NA,25.5,979,506,431,42,272,324,184,197,64,206,282,313,6,102,NA,NA,NA,NA,NA,NA,NA,NA,NA,NA,NA,NA,NA,NA,NA,NA,NA,NA,2023
QN29: Percentage of students who actually attempted suicide (one or more times during the 12 months before the survey),State,7.7,7.3,8.4,5.3,7.6,7.1,10,6.2,3.5,9.1,8.1,7,NA,11.1,1790,916,773,101,497,587,336,364,138,357,458,628,11,185,5.2,4.9,5.6,4,5,4.5,6.4,5.1,1.8,7.8,5.7,4.1,NA,8.4,865,439,365,61,244,282,165,170,75,169,205,318,6,87,10.1,9.3,11,7.5,9.8,9.9,13.8,7.2,6,9.3,10.5,10.2,NA,13.5,921,476,406,39,252,305,170,192,62,186,252,310,5,98,NA,NA,NA,NA,NA,NA,NA,NA,NA,NA,NA,NA,NA,NA,NA,NA,NA,NA,2023
"QN30: Percentage of students who had a suicide attempt that resulted in an injury, poisoning, or overdose that had to be treated by a doctor or nurse (during the 12 months before the survey)",State,1.9,2.3,1.8,0,2,2,1.7,1.8,1.4,3.2,2.4,0.8,NA,3.9,1789,918,771,100,498,587,336,362,138,359,458,626,11,185,1.5,2.1,1.3,0,1.9,1.5,1.8,0.9,1.8,3.6,1.8,0.4,NA,2.6,865,440,365,60,245,282,165,169,75,170,205,318,6,87,2.2,2.5,2.2,0,2.1,2.5,1.7,2.7,1,2.9,3,1.3,NA,5.1,920,477,404,39,252,305,170,191,62,187,252,308,5,98,NA,NA,NA,NA,NA,NA,NA,NA,NA,NA,NA,NA,NA,NA,NA,NA,NA,NA,2023
"QN84: Percentage of students who reported that their mental health was most of the time or always not good (including stress, anxiety, and depression, during the 30 days before the survey)",State,26.9,25.6,27.6,30.7,25.7,24.3,29.3,28.8,16.1,24.9,25.4,28.8,NA,33,1874,962,807,105,529,616,350,374,138,381,505,633,10,195,16.1,14.5,16.3,24.1,15,15,14.8,20,8.3,18.3,13.2,15.9,NA,22.7,915,462,389,64,257,301,174,179,76,182,230,323,6,94,38.3,36.7,39.3,42.9,36.6,34.3,44.5,38.4,27.4,30.9,37.1,43.4,NA,42.5,956,499,417,40,271,315,175,194,61,198,274,310,4,101,NA,NA,NA,NA,NA,NA,NA,NA,NA,NA,NA,NA,NA,NA,NA,NA,NA,NA,2023
QN12: Carried a weapon on school property,Central,0.4,1,0,0,1.9,0,0,0,NA,0,0,0,NA,NA,156,74,72,10,35,53,48,20,0,64,29,39,NA,NA,0,0,0,NA,0,0,0,NA,NA,0,0,0,NA,NA,80,40,36,4,15,32,24,9,0,35,12,21,NA,NA,0.8999999999999999,2.1,0,NA,3.3000000000000003,0,0,0,NA,0,0,0,NA,NA,75,34,35,6,20,21,23,11,0,29,16,18,NA,NA,4.3,0,2.6,24,110,26,0,0,NA,12,67,4,7.3,0,3.5999999999999996,12,43,21,2023
QN13: Carried a gun,Central,3.5000000000000004,1.2,6,0,0,7.000000000000001,2.8000000000000003,4.3999999999999995,NA,6.3,2.8000000000000003,2.1999999999999997,NA,NA,157,75,72,10,36,53,48,20,0,64,29,40,NA,NA,6.9,2.1999999999999997,11.799999999999999,NA,0,11.5,5.5,NA,NA,11.700000000000001,6.1,4.3,NA,NA,81,41,36,4,16,32,24,9,0,35,12,22,NA,NA,0,0,0,NA,0,0,0,0,NA,0,0,0,NA,NA,75,34,35,6,20,21,23,11,0,29,16,18,NA,NA,0,3.5999999999999996,0,24,111,26,0,6.2,NA,12,68,4,0,0,0,12,43,21,2023
QN14: Did not go to school because they felt unsafe at school or on their way to or from school,Central,18.9,15,25.2,0,23.200000000000003,7.5,30.2,3,NA,15.299999999999999,13.700000000000001,21.9,NA,NA,157,75,72,10,36,53,48,20,0,64,29,40,NA,NA,9.700000000000001,2.1999999999999997,17.299999999999997,NA,0,6.800000000000001,20.200000000000003,NA,NA,8.3,15.299999999999999,10.9,NA,NA,81,41,36,4,16,32,24,9,0,35,12,22,NA,NA,28.599999999999998,28.999999999999996,34.2,NA,41.099999999999994,8.6,41.699999999999996,5.1,NA,23.400000000000002,13.5,33.6,NA,NA,75,34,35,6,20,21,23,11,0,29,16,18,NA,NA,26.200000000000003,15.4,39.1,24,111,26,0,3.6999999999999997,NA,12,68,4,44.2,31.2,33,12,43,21,2023
QN15: Were threatened or injured with a weapon on school property,Central,12.7,8.6,15.2,18.6,13.4,2,20.4,11.1,NA,14.499999999999998,10.5,12.2,NA,NA,157,75,72,10,36,53,48,20,0,64,29,40,NA,NA,13.8,6.800000000000001,21.6,NA,14.799999999999999,0,29.2,NA,NA,17,15.6,13,NA,NA,81,41,36,4,16,32,24,9,0,35,12,22,NA,NA,11.799999999999999,10.5,8.9,NA,12.3,5,12,19.1,NA,11.700000000000001,6.800000000000001,11.200000000000001,NA,NA,75,34,35,6,20,21,23,11,0,29,16,18,NA,NA,12.3,12.8,12.1,24,111,26,0,12.9,NA,12,68,4,20.8,12.6,10.9,12,43,21,2023
QN16: Were in a physical fight,Central,23.1,26.200000000000003,24.5,0,23.5,30.4,25.4,3,NA,22.400000000000002,12.2,24.6,NA,NA,157,75,72,10,36,53,48,20,0,64,29,40,NA,NA,26.200000000000003,37.5,20.1,NA,23.400000000000002,45.6,19.5,NA,NA,25.3,12,30.7,NA,NA,81,41,36,4,16,32,24,9,0,35,12,22,NA,NA,20.200000000000003,13.8,29.7,NA,23.599999999999998,6.6000000000000005,32.5,5.1,NA,19,13.4,18.2,NA,NA,75,34,35,6,20,21,23,11,0,29,16,18,NA,NA,35.5,27.800000000000004,16.5,24,111,26,29.4,30.9,NA,12,68,4,39.7,23.599999999999998,17.8,12,43,21,2023
QN24: Were bullied on school property,Central,27.200000000000003,26.8,28.599999999999998,21.2,30.5,25.3,30.9,15.8,NA,21.8,12.7,36.7,NA,NA,157,75,72,10,36,53,48,20,0,64,29,40,NA,NA,19.8,18.4,23.7,NA,20.5,16.1,28.799999999999997,NA,NA,13.900000000000002,0,32.9,NA,NA,81,41,36,4,16,32,24,9,0,35,12,22,NA,NA,35.199999999999996,36.1,34.5,NA,38.3,39.7,34.2,27.200000000000003,NA,31.1,25.2,40.699999999999996,NA,NA,75,34,35,6,20,21,23,11,0,29,16,18,NA,NA,27.3,21.6,49,24,111,26,8.7,14.799999999999999,NA,12,68,4,40.1,30.7,41.8,12,43,21,2023
QN25: Were electronically bullied,Central,19.7,24.6,17.8,7.9,31.8,18.4,19.1,4.7,NA,14.899999999999999,3.4000000000000004,28.999999999999996,NA,NA,157,75,72,10,36,53,48,20,0,64,29,40,NA,NA,15.6,20.1,13.8,NA,28.499999999999996,15.2,14.000000000000002,NA,NA,8.200000000000001,0,26.6,NA,NA,81,41,36,4,16,32,24,9,0,35,12,22,NA,NA,24.3,29.4,22.5,NA,34.4,23.5,25,8.1,NA,22.8,6.7,31.7,NA,NA,75,34,35,6,20,21,23,11,0,29,16,18,NA,NA,21.2,17.2,42.699999999999996,24,111,26,15.4,12.1,NA,12,68,4,25.2,24.099999999999998,33.300000000000004,12,43,21,2023
QN26: Felt sad or hopeless,Central,41.5,36.1,45.5,43.6,39.800000000000004,32.9,49,40,NA,40.400000000000006,39.7,42.4,NA,NA,157,75,72,10,36,53,48,20,0,64,29,40,NA,NA,24.5,12.1,35.3,NA,15.299999999999999,15.4,34.8,NA,NA,22.1,22.900000000000002,27.3,NA,NA,81,41,36,4,16,32,24,9,0,35,12,22,NA,NA,59.4,62.4,57.4,NA,58.8,60.199999999999996,65.5,46,NA,61.6,58.099999999999994,58.5,NA,NA,75,34,35,6,20,21,23,11,0,29,16,18,NA,NA,44,29.4,77.60000000000001,24,111,26,23.400000000000002,17.5,NA,12,68,4,58.099999999999994,45.5,80.2,12,43,21,2023
QN27: Seriously considered attempting suicide,Central,22.2,18.9,25.1,21.2,20.8,23.9,21.4,23.400000000000002,NA,23.3,11.899999999999999,20.7,NA,NA,157,75,72,10,36,53,48,20,0,64,29,40,NA,NA,12.9,8.3,18.6,NA,6.9,15.4,12.2,NA,NA,13.5,6.1,15.6,NA,NA,81,41,36,4,16,32,24,9,0,35,12,22,NA,NA,32,30.599999999999998,32.5,NA,31.5,37.2,31.900000000000002,26.900000000000002,NA,34.699999999999996,18.099999999999998,26.200000000000003,NA,NA,75,34,35,6,20,21,23,11,0,29,16,18,NA,NA,40.5,11.3,52.5,24,111,26,7.3999999999999995,8.6,NA,12,68,4,63.2,14.899999999999999,56.2,12,43,21,2023
QN28: Made a plan about how they would attempt suicide,Central,18.5,15,19.400000000000002,30.3,20.4,15,18.8,21.099999999999998,NA,14.399999999999999,16,21.4,NA,NA,156,74,72,10,36,52,48,20,0,63,29,40,NA,NA,14.7,9.8,17.7,NA,13.8,15.8,14.7,NA,NA,5.3,19.1,22.3,NA,NA,80,40,36,4,16,31,24,9,0,34,12,22,NA,NA,22.7,20.5,21.7,NA,25.5,13.900000000000002,23.7,26.900000000000002,NA,24.7,14.6,20.3,NA,NA,75,34,35,6,20,21,23,11,0,29,16,18,NA,NA,24.3,14.000000000000002,35.099999999999994,24,110,26,7.3999999999999995,10.7,NA,12,67,4,35.9,18.4,32.7,12,43,21,2023
QN29: Attempted suicide,Central,10.2,6.3,15,0,6.9,6.3,15.7,7.7,NA,10.8,0,8.6,NA,NA,145,67,68,10,32,49,45,19,0,56,26,40,NA,NA,8.1,3.8,12.8,NA,0,4.7,14.099999999999998,NA,NA,11.600000000000001,0,8.1,NA,NA,72,35,33,4,13,30,21,8,0,28,10,22,NA,NA,12.3,8.799999999999999,17.599999999999998,NA,11.700000000000001,8.799999999999999,17.7,5.1,NA,10,0,9.1,NA,NA,72,32,34,6,19,19,23,11,0,28,15,18,NA,NA,29.799999999999997,9.700000000000001,13.5,23,104,25,7.3999999999999995,8.799999999999999,NA,12,63,4,46.1,10.9,18.4,11,41,20,2023
"QN30: Had a suicide attempt that resulted in an injury, poisoning, or overdose that had to be treated by a doctor or nurse",Central,3.2,3.2,3.6999999999999997,0,0,4.9,3.8,3.1,NA,6.5,0,0,NA,NA,146,68,68,10,32,50,45,19,0,57,26,40,NA,NA,2.8000000000000003,3.8,2.4,NA,0,4.7,3.3000000000000003,NA,NA,7.000000000000001,0,0,NA,NA,72,35,33,4,13,30,21,8,0,28,10,22,NA,NA,3.5999999999999996,2.7,5,NA,0,5.3,4.3,5.1,NA,6,0,0,NA,NA,73,33,34,6,19,20,23,11,0,29,15,18,NA,NA,11.5,2.8000000000000003,4.9,23,104,26,7.3999999999999995,2.5,NA,12,63,4,14.399999999999999,3.2,6.6000000000000005,11,41,21,2023
QN84: Reported that their mental health was most of the time or always not good,Central,32.300000000000004,36.9,30.7,20.3,43.8,34.1,28.4,22.900000000000002,NA,38.1,23.599999999999998,30.2,NA,NA,152,70,72,10,32,52,48,20,0,60,29,40,NA,NA,21.099999999999998,22.7,22.7,NA,34.8,26,12.2,NA,NA,26.200000000000003,6.1,22.400000000000002,NA,NA,76,36,36,4,12,31,24,9,0,31,12,22,NA,NA,42.4,50.8,37.3,NA,49.3,46.400000000000006,42.8,25.900000000000002,NA,50.4,32.7,38.5,NA,NA,75,34,35,6,20,21,23,11,0,29,16,18,NA,NA,35.8,21.8,68.10000000000001,23,110,26,18.4,17,NA,11,67,4,46.800000000000004,28.1,67.4,12,43,21,2023
QN12: Carried a weapon on school property,Eastern,0.6,0.6,0,4.5,1.0999999999999999,0,0,1,NA,0,0,0.8999999999999999,NA,NA,307,186,104,17,103,110,29,65,7,105,68,80,NA,NA,0.4,0,0,5.800000000000001,0,0,0,2.1999999999999997,NA,0,0,0,NA,NA,146,85,49,12,50,50,16,30,4,41,29,45,NA,NA,0.7000000000000001,1.3,0,NA,2.4,0,0,0,NA,0,0,2.1,NA,NA,160,100,55,5,52,60,13,35,3,63,39,35,NA,NA,2.1999999999999997,0.8,0,45,212,49,3.8,0.5,0,25,116,13,0,1.2,0,20,96,36,2023
QN13: Carried a gun,Eastern,1.7999999999999998,0.6,2.6,8.1,0.3,1.6,0,5.2,NA,1,0.8,2,NA,NA,307,186,104,17,103,110,29,65,7,105,68,80,NA,NA,1.3,1,2.1,0,0,1.7000000000000002,0,3.8,NA,2.3,0,0,NA,NA,146,85,49,12,50,50,16,30,4,41,29,45,NA,NA,2.3,0.3,3.2,NA,0.6,1.5,0,6.3,NA,0,1.5,4.7,NA,NA,160,100,55,5,52,60,13,35,3,63,39,35,NA,NA,5.3,1.3,0,45,212,49,4.8,0.7000000000000001,0,25,116,13,5.8999999999999995,2.1999999999999997,0,20,96,36,2023
QN14: Did not go to school because they felt unsafe at school or on their way to or from school,Eastern,24.9,23.5,28.4,15,21.5,26.6,33.800000000000004,22.7,NA,21.7,22.1,29.7,NA,NA,307,186,104,17,103,110,29,65,7,105,68,80,NA,NA,13.3,11.700000000000001,16.7,8.799999999999999,6.5,18.099999999999998,28.9,6.9,NA,10.9,13.3,15.1,NA,NA,146,85,49,12,50,50,16,30,4,41,29,45,NA,NA,36.4,34.5,39,NA,37.1,35.5,39.5,35.3,NA,28.199999999999996,30.5,48.6,NA,NA,160,100,55,5,52,60,13,35,3,63,39,35,NA,NA,22.3,20.7,36.5,45,212,49,12.3,13.100000000000001,20.7,25,116,13,36.7,31.4,42.5,20,96,36,2023
QN15: Were threatened or injured with a weapon on school property,Eastern,8.200000000000001,8.200000000000001,7.8,11.700000000000001,9.8,7.199999999999999,14.000000000000002,4.2,NA,8.3,8.9,6.2,NA,NA,307,186,104,17,103,110,29,65,7,105,68,80,NA,NA,8.9,6.5,14.499999999999998,0,9.3,4.6,26.1,3.8,NA,10.4,15,6,NA,NA,146,85,49,12,50,50,16,30,4,41,29,45,NA,NA,7.6,10,1.7999999999999998,NA,10.7,9.8,0,4.6,NA,7.000000000000001,3,6.5,NA,NA,160,100,55,5,52,60,13,35,3,63,39,35,NA,NA,11.3,7.7,4.7,45,212,49,7.1,7.7,8.3,25,116,13,17.299999999999997,7.7,3.3000000000000003,20,96,36,2023
QN16: Were in a physical fight,Eastern,22.8,22.5,22.2,30.3,23.3,21.099999999999998,30.2,20.3,NA,23.7,20.200000000000003,18.7,NA,NA,307,186,104,17,103,110,29,65,7,105,68,80,NA,NA,28.4,24.5,35.6,23.9,24.099999999999998,23.3,50.4,29.9,NA,32.2,29.599999999999998,23.5,NA,NA,146,85,49,12,50,50,16,30,4,41,29,45,NA,NA,17.1,20.8,9.9,NA,23,18.8,6.6000000000000005,12.7,NA,17.8,11.200000000000001,12.5,NA,NA,160,100,55,5,52,60,13,35,3,63,39,35,NA,NA,35.9,23.5,19.8,45,212,49,30.599999999999998,26.400000000000002,44.4,25,116,13,43.4,19.400000000000002,10.299999999999999,20,96,36,2023
QN24: Were bullied on school property,Eastern,16.1,11.899999999999999,22,21,11.600000000000001,15,22.8,20.8,NA,9.5,19,20.4,NA,NA,305,185,103,17,103,109,29,64,7,104,67,80,NA,NA,9.700000000000001,9,10.100000000000001,13.200000000000001,8.799999999999999,11,8.6,10,NA,6.3,17.2,9.1,NA,NA,146,85,49,12,50,50,16,30,4,41,29,45,NA,NA,23.1,15,33.1,NA,15.4,19.3,39.300000000000004,29.799999999999997,NA,12.1,20.8,35,NA,NA,158,99,54,5,52,59,13,34,3,62,38,35,NA,NA,20.4,15.8,28.799999999999997,45,211,49,14.000000000000002,6.800000000000001,47.9,25,116,13,29.7,28.7,21.4,20,95,36,2023
QN25: Were electronically bullied,Eastern,11.200000000000001,11.4,10.4,15,10.299999999999999,11.3,21,6.9,NA,5.800000000000001,13.900000000000002,13.5,NA,NA,307,186,104,17,103,110,29,65,7,105,68,80,NA,NA,7.6,9.2,4.8,8.799999999999999,7.7,9.6,8.6,3.3000000000000003,NA,5.2,12.7,6.800000000000001,NA,NA,146,85,49,12,50,50,16,30,4,41,29,45,NA,NA,15.1,13.900000000000002,15.5,NA,13.8,13.100000000000001,35.5,9.700000000000001,NA,6.4,15,22.1,NA,NA,160,100,55,5,52,60,13,35,3,63,39,35,NA,NA,19.2,9.4,17.7,45,212,49,14.000000000000002,4.6,35.8,25,116,13,26.8,16.1,10.7,20,96,36,2023
QN26: Felt sad or hopeless,Eastern,33,31.900000000000002,32.2,53,27.700000000000003,38.5,26,36.7,NA,35.3,40.5,25.2,NA,NA,306,185,104,17,102,110,29,65,7,105,68,79,NA,NA,24,19.3,24.7,56.8,14.7,29.799999999999997,3.5000000000000004,44.2,NA,28.299999999999997,25.3,20.8,NA,NA,145,84,49,12,49,50,16,30,4,41,29,44,NA,NA,41.699999999999996,43.7,39.1,NA,40.5,47.699999999999996,52.2,30.599999999999998,NA,39.300000000000004,54.900000000000006,30.7,NA,NA,160,100,55,5,52,60,13,35,3,63,39,35,NA,NA,47,25.8,56.2,45,211,49,25,21.2,57.49999999999999,25,115,13,78.4,32.1,55.7,20,96,36,2023
QN27: Seriously considered attempting suicide,Eastern,15,14.000000000000002,14.2,32.4,13.900000000000002,15.2,12.3,17.599999999999998,NA,9,19.5,15.6,NA,NA,303,183,103,17,101,109,28,65,7,104,68,78,NA,NA,8.799999999999999,5.800000000000001,9.6,27.800000000000004,2.4,13.900000000000002,5.3,13.600000000000001,NA,4.7,13.200000000000001,9.2,NA,NA,144,84,48,12,49,50,15,30,4,41,29,44,NA,NA,20.599999999999998,21.2,18.4,NA,25,16.7,20.3,20.8,NA,10.4,25.5,23.599999999999998,NA,NA,158,98,55,5,51,59,13,35,3,62,39,34,NA,NA,29.299999999999997,10.8,32.300000000000004,44,209,49,9,7.3999999999999995,25.900000000000002,24,114,13,57.3,15.4,34.699999999999996,20,95,36,2023
QN28: Made a plan about how they would attempt suicide,Eastern,13.600000000000001,14.7,11.899999999999999,14.099999999999998,16.400000000000002,14.000000000000002,15.4,7.8,NA,11,15.8,11.1,NA,NA,303,183,103,17,101,109,29,64,7,104,68,77,NA,NA,10.8,8.3,13.8,14.7,5.5,15,11.3,12.4,NA,11.899999999999999,15.299999999999999,6.9,NA,NA,145,84,49,12,49,50,16,30,4,41,29,44,NA,NA,15.7,19.900000000000002,10.100000000000001,NA,26.5,13,20.3,4.1000000000000005,NA,8.3,16.3,16.6,NA,NA,157,98,54,5,51,59,13,34,3,62,39,33,NA,NA,27.6,10.4,24.4,45,210,49,15.8,9.9,25.900000000000002,25,115,13,44.5,11.200000000000001,23.799999999999997,20,95,36,2023
QN29: Attempted suicide,Eastern,8.200000000000001,9.9,5.800000000000001,7.199999999999999,10.2,9.3,5.3,5.2,NA,8.4,11.600000000000001,5.800000000000001,NA,NA,280,169,94,17,95,100,25,60,7,92,59,76,NA,NA,4.8,5,4.2,5.8999999999999995,2.5,5.8999999999999995,5.1,6.6000000000000005,NA,2.6,7.000000000000001,5,NA,NA,134,77,45,12,45,46,16,27,4,36,24,44,NA,NA,10.9,13.5,7.3,NA,16.1,13.200000000000001,NA,4.2,NA,10.7,15.7,6.800000000000001,NA,NA,145,91,49,5,49,54,9,33,3,55,35,32,NA,NA,15.1,5.3,16.1,44,193,46,9,3.4000000000000004,15.299999999999999,24,107,12,23.400000000000002,8.1,16.400000000000002,20,86,34,2023
"QN30: Had a suicide attempt that resulted in an injury, poisoning, or overdose that had to be treated by a doctor or nurse",Eastern,1.7000000000000002,1.5,2.1,0,1.7999999999999998,0.8,0,3.5999999999999996,NA,1.0999999999999999,1.3,1,NA,NA,282,171,94,17,96,101,25,60,7,94,59,76,NA,NA,0.8,0,2.1999999999999997,0,0,0,0,4.2,NA,2.5,0,0,NA,NA,135,78,45,12,46,46,16,27,4,37,24,44,NA,NA,2.6,3.1,2,NA,4,1.7000000000000002,NA,3.1,NA,0,2.4,2.3,NA,NA,146,92,49,5,49,55,9,33,3,56,35,32,NA,NA,6.9,1.0999999999999999,3.4000000000000004,44,194,46,0,1,0,24,108,12,16.5,1.4000000000000001,4.8,20,86,34,2023
QN84: Reported that their mental health was most of the time or always not good,Eastern,29.5,26.8,31.7,43.2,28.199999999999996,25.8,42.8,30.099999999999998,NA,30.099999999999998,34.699999999999996,26.700000000000003,NA,NA,289,177,95,17,97,105,25,62,7,98,64,75,NA,NA,25.7,24,25.7,37,21.2,29.5,23,28.000000000000004,NA,33.7,22,22.900000000000002,NA,NA,137,79,46,12,45,48,14,30,4,38,27,43,NA,NA,32.800000000000004,28.299999999999997,37.6,NA,33.5,21.8,67.10000000000001,32,NA,25.8,47,31.8,NA,NA,151,97,49,5,51,57,11,32,3,59,37,32,NA,NA,34.699999999999996,21.4,53.300000000000004,44,202,48,23.799999999999997,22.2,45.7,24,111,13,49.7,20.4,56.3,20,91,35,2023
QN12: Carried a weapon on school property,Northern,0.7000000000000001,0.8,0.8,0.1,0,1.3,0.1,1.4000000000000001,1.6,0,0.8,0.7000000000000001,NA,NA,2359,1042,1188,129,516,763,592,480,235,280,843,789,NA,NA,1.2,1,1.5,0.2,0,2,0.1,2.8000000000000003,1.7000000000000002,0.1,1.5,1.3,NA,NA,1143,496,579,68,255,372,296,215,110,128,411,397,NA,NA,0.3,0.5,0,0,0,0.6,0.1,0.1,1.4000000000000001,0,0,0,NA,NA,1210,543,607,60,259,389,296,263,124,151,432,389,NA,NA,0.1,0.7000000000000001,1,193,1720,263,0.1,1.3,0,91,928,70,0.1,0,1.4000000000000001,102,791,193,2023
QN13: Carried a gun,Northern,0.7000000000000001,0.8,0.7000000000000001,0.2,0.4,1.2,0.5,0.6,0,0.7000000000000001,1.4000000000000001,0.3,NA,NA,2358,1041,1188,129,516,763,592,479,234,280,843,789,NA,NA,1.2,1.3,1.3,0.2,0.7000000000000001,1.9,0.8999999999999999,1.2,0,1.4000000000000001,2.1,0.6,NA,NA,1143,496,579,68,255,372,296,215,110,128,411,397,NA,NA,0.2,0.3,0.1,0.3,0.1,0.6,0,0.1,0.1,0,0.5,0,NA,NA,1209,542,607,60,259,389,296,262,123,151,432,389,NA,NA,2.4,0.8,0,193,1720,263,3.9,1.0999999999999999,0,91,928,70,1.2,0.4,0,102,791,193,2023
QN14: Did not go to school because they felt unsafe at school or on their way to or from school,Northern,8,7.9,6.9,16.5,5.8999999999999995,9.1,9.2,7.3,6.2,9.6,10.9,6,NA,NA,2353,1039,1186,128,514,762,590,479,235,278,843,787,NA,NA,7.000000000000001,7.6,5.6000000000000005,11.799999999999999,4.8,8.799999999999999,7.199999999999999,6.4,8.6,6.5,9.2,4.3,NA,NA,1139,494,577,68,254,371,294,215,110,127,411,395,NA,NA,9.1,8.3,8.4,25.6,7.199999999999999,9.4,11.899999999999999,8.4,3.4000000000000004,13,12.9,7.8,NA,NA,1208,542,607,59,258,389,296,262,124,150,432,389,NA,NA,7.5,7.3999999999999995,10,192,1717,262,7.5,6.4,8.9,90,926,69,7.6,8.7,10.5,102,790,193,2023
QN15: Were threatened or injured with a weapon on school property,Northern,2.6,3.3000000000000003,1.6,5.4,1.9,3.5000000000000004,0.8999999999999999,4.1000000000000005,1.2,1.9,4,2.4,NA,NA,2358,1041,1188,129,516,762,593,479,233,281,844,788,NA,NA,3.2,3.5000000000000004,2.1,8.5,1.5,4.3,0.4,7.3999999999999995,2.1,3.5999999999999996,3.4000000000000004,3,NA,NA,1141,494,579,68,254,371,297,214,108,129,411,396,NA,NA,2.1,3.1,1.0999999999999999,0.5,2.5,2.7,1.4000000000000001,1.0999999999999999,0.3,0.2,4.7,1.7000000000000002,NA,NA,1211,544,607,60,260,389,296,263,124,151,433,389,NA,NA,3.2,2.6,4.7,193,1717,263,7.000000000000001,2.9000000000000004,10.5,91,925,70,0.3,2.1,2.4,102,791,193,2023
QN16: Were in a physical fight,Northern,14.099999999999998,15.8,12.4,13.200000000000001,17.8,13.200000000000001,11.899999999999999,13.4,14.299999999999999,14.000000000000002,16,13.100000000000001,NA,NA,2361,1042,1190,129,517,763,593,480,235,281,844,789,NA,NA,17.7,18.6,18.099999999999998,9.6,18.9,17.4,15.2,20.3,17.599999999999998,17,16.6,19.1,NA,NA,1143,495,580,68,255,371,297,215,110,129,411,396,NA,NA,10.299999999999999,13.100000000000001,6.3,20.200000000000003,16.5,9.2,7.3999999999999995,7.1,10.9,10.9,15.299999999999999,6.7,NA,NA,1212,544,608,60,260,390,296,263,124,151,433,390,NA,NA,8.799999999999999,13.700000000000001,20.1,193,1721,263,12.1,17.7,25.7,91,928,70,6.3,8.3,17.8,102,792,193,2023
QN24: Were bullied on school property,Northern,10.7,11.4,10.6,5,11.600000000000001,9.8,12.3,9.4,8.6,7.9,11.3,11.700000000000001,NA,NA,2356,1040,1187,129,516,762,592,478,235,279,841,788,NA,NA,10.299999999999999,10.4,10.8,6,9.3,9.6,10.7,12.4,5.4,7.7,11,11.600000000000001,NA,NA,1141,494,578,69,255,370,296,215,110,127,409,396,NA,NA,11.1,12.4,10.5,3.5999999999999996,14.299999999999999,10.100000000000001,14.499999999999998,6.6000000000000005,12.5,8.200000000000001,11.600000000000001,11.700000000000001,NA,NA,1209,543,607,59,259,390,296,261,124,151,432,389,NA,NA,10.9,8.5,22.8,193,1719,262,14.7,9.3,21.4,91,927,70,8,7.5,23.400000000000002,102,791,192,2023
QN25: Were electronically bullied,Northern,6.6000000000000005,6.3,6.9,5.6000000000000005,5.4,6.1,8.9,6.4,4.8,2.9000000000000004,7.7,6.9,NA,NA,2355,1039,1188,128,514,763,592,479,235,278,842,788,NA,NA,4.9,3,6.6000000000000005,6.7,1.6,3.5999999999999996,8.1,7.9,3.2,0.3,6.6000000000000005,4.9,NA,NA,1141,493,579,69,253,371,297,215,110,127,410,395,NA,NA,8.4,9.6,7.3999999999999995,4.1000000000000005,9.9,8.4,10.100000000000001,5,6.800000000000001,5.7,8.799999999999999,8.9,NA,NA,1208,543,607,58,259,390,295,262,124,150,432,390,NA,NA,13.8,5.8999999999999995,12.4,192,1717,263,12.5,4.9,6.6000000000000005,91,926,70,14.899999999999999,7.3,14.799999999999999,101,790,193,2023
QN26: Felt sad or hopeless,Northern,24.5,24.7,23.7,28.4,21.099999999999998,28.199999999999996,17.7,30,17.1,19.5,28.799999999999997,24.7,NA,NA,2344,1038,1178,128,515,758,588,475,232,276,839,786,NA,NA,15.1,13.200000000000001,15,28.7,12.2,16.2,9.1,25.5,7.3999999999999995,11.4,19.2,14.2,NA,NA,1137,494,575,68,255,369,295,213,109,127,409,395,NA,NA,34.4,36.199999999999996,33,29.7,31.7,39.300000000000004,29.099999999999998,34.5,28.799999999999997,27.200000000000003,39.800000000000004,35.699999999999996,NA,NA,1201,541,601,59,258,387,293,260,122,148,430,388,NA,NA,30.599999999999998,18.3,51.7,193,1716,262,29.299999999999997,12.4,37.1,91,926,70,31.6,26.6,57.9,102,789,192,2023
QN27: Seriously considered attempting suicide,Northern,9.700000000000001,9.9,9.4,10.7,7.199999999999999,12.1,7.6,10.9,7.199999999999999,7.3999999999999995,9.5,10.6,NA,NA,2340,1039,1173,128,516,758,585,473,232,277,840,781,NA,NA,4.8,3.9,5.1,8.799999999999999,3.8,5.2,3.5000000000000004,7.3,2.1,5.5,5.1,3.5000000000000004,NA,NA,1134,493,573,68,254,369,293,213,109,127,408,394,NA,NA,14.799999999999999,15.7,13.8,14.799999999999999,11.200000000000001,18.6,13,14.099999999999998,13.3,8.3,14.399999999999999,18.099999999999998,NA,NA,1200,543,598,59,260,387,292,258,122,149,432,384,NA,NA,17.5,6,28.299999999999997,192,1716,261,20.7,4.1000000000000005,9.700000000000001,90,925,70,15,8.799999999999999,36.199999999999996,102,790,191,2023
QN28: Made a plan about how they would attempt suicide,Northern,6.800000000000001,7.3999999999999995,5.5,11.3,5.6000000000000005,7.7,4.1000000000000005,9.9,8,6.1,5.4,6.2,NA,NA,2323,1028,1167,128,509,750,585,471,230,276,832,777,NA,NA,5.5,5.6000000000000005,4.7,10.100000000000001,3.9,6,3.5999999999999996,9.5,3.5000000000000004,6.800000000000001,4.1000000000000005,5.5,NA,NA,1125,488,569,68,250,365,293,212,107,126,403,394,NA,NA,8.1,9.2,6.2,14.099999999999998,7.6,9.3,4.9,9.700000000000001,13.100000000000001,4.3,6.800000000000001,6.9,NA,NA,1192,537,596,59,257,383,292,257,122,149,429,380,NA,NA,17.599999999999998,4.3999999999999995,17.9,191,1710,259,19.7,4.6,11.899999999999999,89,920,70,15.9,4,20.5,102,789,189,2023
QN29: Attempted suicide,Northern,4.2,3.5000000000000004,5,2.6,2.4,5.1,4,5,3.1,4.2,5.3,3.2,NA,NA,2137,968,1065,104,463,691,531,447,221,244,714,759,NA,NA,2.7,1.9,3.8,0.2,1.7000000000000002,2.1,1.7000000000000002,6.1,0,5,3.4000000000000004,1.9,NA,NA,1009,448,509,52,222,324,260,200,102,109,331,378,NA,NA,5.6000000000000005,5.2,5.8999999999999995,6.800000000000001,3.2,7.7,6.9,3.3000000000000003,6.7,2.3,7.3999999999999995,4.6,NA,NA,1122,517,554,51,239,365,271,245,118,134,383,378,NA,NA,8.7,2.5,8,182,1589,249,9.5,1.9,2.1,84,846,67,8.200000000000001,3.3000000000000003,10.6,98,742,182,2023
"QN30: Had a suicide attempt that resulted in an injury, poisoning, or overdose that had to be treated by a doctor or nurse",Northern,1.0999999999999999,1.0999999999999999,1.2,0.2,0.8999999999999999,1,0.8,1.6,0.6,0.7000000000000001,2.6,0,NA,NA,2133,966,1063,104,463,688,531,446,221,243,714,756,NA,NA,1.4000000000000001,1.6,1.3,0.2,1.6,1.0999999999999999,1.4000000000000001,1.5,0,1.4000000000000001,3.1,0,NA,NA,1007,447,509,51,222,323,260,199,102,109,331,377,NA,NA,0.8,0.5,1.0999999999999999,0.3,0.1,1,0.1,1.7999999999999998,1.2,0.1,2,0,NA,NA,1120,516,552,52,239,363,271,245,118,133,383,376,NA,NA,2.4,0.6,0.7000000000000001,182,1589,249,5.4,0.7000000000000001,0,84,846,67,0.2,0.4,1,98,742,182,2023
QN84: Reported that their mental health was most of the time or always not good,Northern,20.3,18.5,20.9,30,13.700000000000001,21.7,17.5,29.299999999999997,15.299999999999999,13.3,19.3,25.6,NA,NA,2237,999,1118,120,502,719,553,457,221,253,801,763,NA,NA,10.9,8.4,11.799999999999999,22,7.3999999999999995,9.700000000000001,7.000000000000001,22.400000000000002,5.5,7.3999999999999995,10.6,13.4,NA,NA,1086,477,545,64,249,351,277,205,104,116,387,385,NA,NA,30.7,28.7,31.4,47.199999999999996,21.4,32.9,32.2,36.6,27,19.8,29.5,38.800000000000004,NA,NA,1147,519,573,55,251,367,276,251,116,137,414,375,NA,NA,24,14.099999999999998,46.7,183,1677,261,17.2,7.3999999999999995,38.1,89,908,69,29.799999999999997,23.599999999999998,50.3,94,768,192,2023
QN12: Carried a weapon on school property,Northwestern,3.6999999999999997,3.1,4,3.2,1.2,5.4,5.1,3.4000000000000004,0,6.2,2.1,4.1000000000000005,NA,NA,566,239,291,36,169,100,134,163,18,91,118,278,NA,NA,5.6000000000000005,4.6,6.3,5,0.7000000000000001,9.2,8.1,5.5,0,7.5,2.7,6.800000000000001,NA,NA,269,120,127,22,84,52,58,75,13,44,46,139,NA,NA,1.6,1.3,1.9,0,1.7000000000000002,0,2.6,1,NA,4.7,1.7000000000000002,1,NA,NA,297,119,164,14,85,48,76,88,5,47,72,139,NA,NA,1.0999999999999999,2,8.7,59,402,78,2.1999999999999997,2.5,28.599999999999998,27,218,14,0,1.4000000000000001,3.2,32,184,64,2023
QN13: Carried a gun,Northwestern,4.8,4.6,5.2,3.2,3.6999999999999997,6.4,3.8,6,0,3.3000000000000003,4.3,6.1,NA,NA,566,239,291,36,169,100,134,163,18,91,118,278,NA,NA,7.3,6.4,8.1,5,5.4,7.3,6.2,9.4,0,6.3,6.4,9.1,NA,NA,269,120,127,22,84,52,58,75,13,44,46,139,NA,NA,2.1999999999999997,2.5,2.3,0,1.7000000000000002,5,1.7000000000000002,2.1999999999999997,NA,0,2.6,2.7,NA,NA,297,119,164,14,85,48,76,88,5,47,72,139,NA,NA,1.2,3.9,4.8,59,402,78,0,5,15.9,27,218,14,2.4,2.4,1.7999999999999998,32,184,64,2023
QN14: Did not go to school because they felt unsafe at school or on their way to or from school,Northwestern,12.5,12,12.8,11.899999999999999,11.1,11.600000000000001,15.299999999999999,11.200000000000001,8,15.5,15.5,10.5,NA,NA,567,240,291,36,170,100,134,163,18,91,118,279,NA,NA,9.4,8.7,10.7,4.3,7.8,7.1,13,8.9,0,10,14.2,8.1,NA,NA,270,121,127,22,85,52,58,75,13,44,46,140,NA,NA,15.8,16,14.899999999999999,25.5,14.799999999999999,18.099999999999998,17.4,13.900000000000002,NA,21.3,16.6,13.200000000000001,NA,NA,297,119,164,14,85,48,76,88,5,47,72,139,NA,NA,14.2,11.3,14.499999999999998,59,403,78,12.4,8.4,15.9,27,219,14,16,15.4,14.2,32,184,64,2023
QN15: Were threatened or injured with a weapon on school property,Northwestern,12,11.5,12.5,9.5,9.3,14.6,13.200000000000001,11.600000000000001,4,11,15.9,11.600000000000001,NA,NA,567,240,291,36,170,100,134,163,18,91,118,279,NA,NA,10.6,11.799999999999999,10.5,7.000000000000001,7.5,16.2,12.6,8.6,0,8.9,17,9.8,NA,NA,270,121,127,22,85,52,58,75,13,44,46,140,NA,NA,13.4,11.200000000000001,14.399999999999999,14.2,11.3,12.1,13.8,15,NA,13.3,15,13.8,NA,NA,297,119,164,14,85,48,76,88,5,47,72,139,NA,NA,8.3,10.299999999999999,14.7,59,403,78,11.200000000000001,8.3,15.9,27,219,14,5.5,12.9,14.399999999999999,32,184,64,2023
QN16: Were in a physical fight,Northwestern,18.6,25.2,15.2,15.5,23.7,21.7,18.3,13.900000000000002,11.600000000000001,22.6,15.5,18.3,NA,NA,567,240,291,36,170,100,134,163,18,91,118,279,NA,NA,24,30.3,20.8,19,30,22.3,27.700000000000003,17.599999999999998,9.2,26.700000000000003,17.1,25.3,NA,NA,270,121,127,22,85,52,58,75,13,44,46,140,NA,NA,12.8,19.1,9.9,9.1,16.400000000000002,20.8,10.299999999999999,9.6,NA,18.3,14.2,10,NA,NA,297,119,164,14,85,48,76,88,5,47,72,139,NA,NA,25.3,16.400000000000002,16.6,59,403,78,32.6,21,29.2,27,219,14,18.099999999999998,10,13.100000000000001,32,184,64,2023
QN24: Were bullied on school property,Northwestern,20.8,24.099999999999998,18.4,26.1,25,20,20.4,18.5,11.1,14.099999999999998,22.2,21.7,NA,NA,567,240,291,36,170,100,134,163,18,91,118,279,NA,NA,16.400000000000002,19.5,15.1,12,18.2,20.200000000000003,20.3,10.100000000000001,8.6,8.200000000000001,17.5,17.1,NA,NA,270,121,127,22,85,52,58,75,13,44,46,140,NA,NA,25.6,29.599999999999998,21.5,51.6,32.6,19.7,20.599999999999998,28.1,NA,20.5,25.900000000000002,27.1,NA,NA,297,119,164,14,85,48,76,88,5,47,72,139,NA,NA,24.5,19.1,19.1,59,403,78,26.700000000000003,15.299999999999999,17.9,27,219,14,22.3,24.3,19.400000000000002,32,184,64,2023
QN25: Were electronically bullied,Northwestern,15.9,20.200000000000003,13.4,16.7,20.200000000000003,14.899999999999999,15.8,13.3,0,14.099999999999998,16.8,15.8,NA,NA,566,239,291,36,169,100,134,163,17,91,118,279,NA,NA,9.9,14.299999999999999,8.200000000000001,2.6,11.799999999999999,13.200000000000001,10.9,6.2,0,14.799999999999999,13.700000000000001,7.1,NA,NA,270,121,127,22,85,52,58,75,13,44,46,140,NA,NA,22.400000000000002,27.400000000000002,18.3,42,29.9,17.4,19.900000000000002,21.4,NA,13.4,19.2,25.900000000000002,NA,NA,296,118,164,14,84,48,76,88,4,47,72,139,NA,NA,21.2,15.5,17.1,59,402,78,19.5,10,21.7,27,219,14,22.8,23.1,15.9,32,183,64,2023
QN26: Felt sad or hopeless,Northwestern,40.699999999999996,37.7,43.4,31.8,36,39.900000000000006,43.7,41.699999999999996,22.900000000000002,29.7,51.6,39.7,NA,NA,566,239,291,36,169,100,134,163,18,90,118,279,NA,NA,25.7,24.8,27.200000000000003,19.400000000000002,26.8,22.3,31.5,22,18,12.3,39.900000000000006,24.9,NA,NA,270,121,127,22,85,52,58,75,13,44,46,140,NA,NA,56.89999999999999,53.2,59,54.2,46.5,65.2,54,64.4,NA,48.4,60.9,56.99999999999999,NA,NA,296,118,164,14,84,48,76,88,5,46,72,139,NA,NA,43.2,35.199999999999996,71.39999999999999,59,403,78,26.5,24.099999999999998,53,27,219,14,59.699999999999996,50.4,76.5,32,184,64,2023
QN27: Seriously considered attempting suicide,Northwestern,20.7,19.7,21.9,15.5,19.5,23.3,23.1,18.3,30.3,20.599999999999998,20.9,20.4,NA,NA,565,238,291,36,169,99,134,163,18,90,118,278,NA,NA,13.200000000000001,15.6,11.1,17.1,19.3,15,10.100000000000001,10.4,31.7,6.4,14.399999999999999,13.600000000000001,NA,NA,269,120,127,22,85,51,58,75,13,44,46,139,NA,NA,28.799999999999997,24.6,32.2,12.7,19.8,35.199999999999996,34.1,27.3,NA,36,26,28.199999999999996,NA,NA,296,118,164,14,84,48,76,88,5,46,72,139,NA,NA,19,16.6,44.3,59,402,78,9.8,11.200000000000001,44.9,27,218,14,28.000000000000004,24,44.1,32,184,64,2023
QN28: Made a plan about how they would attempt suicide,Northwestern,14.899999999999999,13.3,15.9,12.8,14.000000000000002,15.9,14.299999999999999,15.6,17.5,21.3,15.8,13.900000000000002,NA,NA,560,236,289,35,166,98,134,162,18,89,116,277,NA,NA,11.600000000000001,12.1,11.200000000000001,12.8,15.1,11.700000000000001,8.9,11.200000000000001,16.3,11.200000000000001,14.6,11.700000000000001,NA,NA,269,121,127,21,85,52,58,74,13,44,46,139,NA,NA,18.4,14.799999999999999,20.5,12.7,12.6,22,18.8,20.5,NA,32.5,16.7,16.5,NA,NA,291,115,162,14,81,46,76,88,5,45,70,138,NA,NA,7.6,12.9,28.299999999999997,59,401,78,2.1999999999999997,10.299999999999999,44.800000000000004,27,219,14,12.9,16.400000000000002,23.799999999999997,32,182,64,2023
QN29: Attempted suicide,Northwestern,9.3,8.7,9.8,7.9,8.799999999999999,8.1,12.3,7.3999999999999995,7.7,9.1,12.6,8.9,NA,NA,524,219,270,35,154,91,122,157,17,78,108,266,NA,NA,6.7,9.6,4.8,7.6,11.1,8,5.2,4.1000000000000005,9.5,8.4,10.7,5.1,NA,NA,246,110,115,21,78,47,51,70,12,38,43,131,NA,NA,11.899999999999999,7.6,14.399999999999999,8.4,6.3,8.3,17.9,11,NA,9.700000000000001,14.099999999999998,13.200000000000001,NA,NA,278,109,155,14,76,44,71,87,5,40,65,135,NA,NA,4.2,8,16.400000000000002,53,375,72,6.3,6,21.7,22,200,14,2.4,10.6,14.799999999999999,31,175,58,2023
"QN30: Had a suicide attempt that resulted in an injury, poisoning, or overdose that had to be treated by a doctor or nurse",Northwestern,2.1,3.5999999999999996,1.5,0,2.8000000000000003,3.9,1.2,1.6,7.7,3.8,2.9000000000000004,1.5,NA,NA,524,219,270,35,154,91,122,157,17,78,108,266,NA,NA,1.2,3.4000000000000004,0,0,3.5999999999999996,2,0,0,9.5,2.6,0,0.8999999999999999,NA,NA,246,110,115,21,78,47,51,70,12,38,43,131,NA,NA,3,3.8,2.8000000000000003,0,1.9,6.6000000000000005,2.1999999999999997,3.2,NA,5,5.3,2.1,NA,NA,278,109,155,14,76,44,71,87,5,40,65,135,NA,NA,0,2.1,2.6,53,375,72,0,1.5,0,22,200,14,0,2.9000000000000004,3.3000000000000003,31,175,58,2023
QN84: Reported that their mental health was most of the time or always not good,Northwestern,29.299999999999997,25.8,31.3,30,26.6,23.200000000000003,34.4,29.4,23,20.3,31.8,29.7,NA,NA,557,237,285,35,169,97,129,162,17,88,116,275,NA,NA,15.8,12.9,16.3,24.9,15.2,8.799999999999999,18.7,17.2,22.8,8.5,16.3,15.4,NA,NA,263,120,122,21,85,50,54,74,12,42,45,137,NA,NA,43.7,41.3,45.2,38.800000000000004,39.5,43.3,47.099999999999994,43.2,NA,32.300000000000004,43.8,46.300000000000004,NA,NA,294,117,163,14,84,47,75,88,5,46,71,138,NA,NA,36.199999999999996,23.3,50.4,59,402,78,26.400000000000002,12.5,14.399999999999999,27,218,14,45.9,37.9,60.199999999999996,32,184,64,2023
QN12: Carried a weapon on school property,Southwestern,2.5,4,0,NA,5.1,0,0,NA,NA,0,NA,3.5000000000000004,NA,NA,67,39,25,3,27,16,13,7,0,21,2,37,NA,NA,0,0,0,NA,0,NA,NA,NA,NA,0,NA,0,NA,NA,40,20,17,3,12,9,8,7,0,15,1,20,NA,NA,5,7.1,NA,NA,8.5,NA,NA,NA,NA,NA,NA,6.800000000000001,NA,NA,27,19,8,0,15,7,5,0,0,6,1,17,NA,NA,NA,0,NA,7,52,6,NA,0,NA,4,34,1,NA,0,NA,3,18,5,2023
QN13: Carried a gun,Southwestern,3,3.3000000000000003,2.7,NA,4.2,0,4.5,NA,NA,6.3,NA,2.9000000000000004,NA,NA,67,39,25,3,27,16,13,7,0,21,2,37,NA,NA,5.8999999999999995,7.7,4.5,NA,10.6,NA,NA,NA,NA,9.8,NA,5.8999999999999995,NA,NA,40,20,17,3,12,9,8,7,0,15,1,20,NA,NA,0,0,NA,NA,0,NA,NA,NA,NA,NA,NA,0,NA,NA,27,19,8,0,15,7,5,0,0,6,1,17,NA,NA,NA,3.9,NA,7,52,6,NA,6.9,NA,4,34,1,NA,0,NA,3,18,5,2023
QN14: Did not go to school because they felt unsafe at school or on their way to or from school,Southwestern,11.600000000000001,12.9,10.5,NA,13.3,15.5,9.700000000000001,NA,NA,0,NA,13.5,NA,NA,67,39,25,3,27,16,13,7,0,21,2,37,NA,NA,6.800000000000001,13.100000000000001,0,NA,10.6,NA,NA,NA,NA,0,NA,10.100000000000001,NA,NA,40,20,17,3,12,9,8,7,0,15,1,20,NA,NA,16.6,12.7,NA,NA,15.2,NA,NA,NA,NA,NA,NA,16.900000000000002,NA,NA,27,19,8,0,15,7,5,0,0,6,1,17,NA,NA,NA,12.4,NA,7,52,6,NA,8,NA,4,34,1,NA,18.099999999999998,NA,3,18,5,2023
QN15: Were threatened or injured with a weapon on school property,Southwestern,12.1,9.1,18.6,NA,9,22.6,9.700000000000001,NA,NA,4,NA,9.3,NA,NA,67,39,25,3,27,16,13,7,0,21,2,37,NA,NA,13.100000000000001,14.6,13.5,NA,13.8,NA,NA,NA,NA,6.2,NA,14.099999999999998,NA,NA,40,20,17,3,12,9,8,7,0,15,1,20,NA,NA,11.1,4.9,NA,NA,5.8999999999999995,NA,NA,NA,NA,NA,NA,4.7,NA,NA,27,19,8,0,15,7,5,0,0,6,1,17,NA,NA,NA,13,NA,7,52,6,NA,15.299999999999999,NA,4,34,1,NA,10.100000000000001,NA,3,18,5,2023
QN16: Were in a physical fight,Southwestern,35.5,37.7,35.4,NA,41.8,25.8,28.1,NA,NA,31.3,NA,39.1,NA,NA,67,39,25,3,27,16,13,7,0,21,2,37,NA,NA,37,38.3,41.8,NA,41,NA,NA,NA,NA,42.3,NA,39.4,NA,NA,40,20,17,3,12,9,8,7,0,15,1,20,NA,NA,34,37.3,NA,NA,42.4,NA,NA,NA,NA,NA,NA,38.7,NA,NA,27,19,8,0,15,7,5,0,0,6,1,17,NA,NA,NA,31.1,NA,7,52,6,NA,32.7,NA,4,34,1,NA,28.9,NA,3,18,5,2023
QN24: Were bullied on school property,Southwestern,25.1,29.4,20.3,NA,29.9,22.8,23.599999999999998,NA,NA,24.2,NA,25.8,NA,NA,67,39,25,3,27,16,13,7,0,21,2,37,NA,NA,18.3,22.3,16.400000000000002,NA,24.4,NA,NA,NA,NA,21.6,NA,17.5,NA,NA,40,20,17,3,12,9,8,7,0,15,1,20,NA,NA,32.2,34.699999999999996,NA,NA,33.5,NA,NA,NA,NA,NA,NA,33.7,NA,NA,27,19,8,0,15,7,5,0,0,6,1,17,NA,NA,NA,21.099999999999998,NA,7,52,6,NA,18,NA,4,34,1,NA,25,NA,3,18,5,2023
QN25: Were electronically bullied,Southwestern,13.100000000000001,14.899999999999999,11.3,NA,12.9,8.4,19,NA,NA,0,NA,11.5,NA,NA,67,39,25,3,27,16,13,7,0,21,2,37,NA,NA,10.2,12.3,9.3,NA,10.6,NA,NA,NA,NA,0,NA,11.600000000000001,NA,NA,40,20,17,3,12,9,8,7,0,15,1,20,NA,NA,16.1,16.8,NA,NA,14.299999999999999,NA,NA,NA,NA,NA,NA,11.5,NA,NA,27,19,8,0,15,7,5,0,0,6,1,17,NA,NA,NA,11.1,NA,7,52,6,NA,11.899999999999999,NA,4,34,1,NA,10.100000000000001,NA,3,18,5,2023
QN26: Felt sad or hopeless,Southwestern,35.3,38.6,33.2,NA,38,35.6,41.099999999999994,NA,NA,27.800000000000004,NA,32.2,NA,NA,67,39,25,3,27,16,13,7,0,21,2,37,NA,NA,16.3,12.3,24.099999999999998,NA,10.6,NA,NA,NA,NA,19.6,NA,10.100000000000001,NA,NA,40,20,17,3,12,9,8,7,0,15,1,20,NA,NA,55.1,58.599999999999994,NA,NA,56.2,NA,NA,NA,NA,NA,NA,53.300000000000004,NA,NA,27,19,8,0,15,7,5,0,0,6,1,17,NA,NA,NA,24.9,NA,7,52,6,NA,8.200000000000001,NA,4,34,1,NA,46.6,NA,3,18,5,2023
QN27: Seriously considered attempting suicide,Southwestern,28.1,29.2,29.099999999999998,NA,35.699999999999996,18.8,34.8,NA,NA,23,NA,26.8,NA,NA,66,39,24,3,27,16,12,7,0,21,2,37,NA,NA,17.9,15.5,24.099999999999998,NA,21.2,NA,NA,NA,NA,19.6,NA,16,NA,NA,40,20,17,3,12,9,8,7,0,15,1,20,NA,NA,39.2,39.7,NA,NA,45.2,NA,NA,NA,NA,NA,NA,37.2,NA,NA,26,19,7,0,15,7,4,0,0,6,1,17,NA,NA,NA,20.4,NA,6,52,6,NA,10.100000000000001,NA,4,34,1,NA,33.800000000000004,NA,2,18,5,2023
QN28: Made a plan about how they would attempt suicide,Southwestern,21.2,24.5,17.4,NA,31,15.5,14.2,NA,NA,11.1,NA,19.8,NA,NA,66,39,24,3,27,16,12,7,0,21,2,37,NA,NA,12.1,7.7,19.6,NA,10.6,NA,NA,NA,NA,9.8,NA,10.100000000000001,NA,NA,40,20,17,3,12,9,8,7,0,15,1,20,NA,NA,31.1,37.2,NA,NA,44.5,NA,NA,NA,NA,NA,NA,29.099999999999998,NA,NA,26,19,7,0,15,7,4,0,0,6,1,17,NA,NA,NA,11.899999999999999,NA,6,52,6,NA,3.3000000000000003,NA,4,34,1,NA,23.200000000000003,NA,2,18,5,2023
QN29: Attempted suicide,Southwestern,11.200000000000001,11.3,12.3,NA,13,12,NA,NA,NA,28.1,NA,9.9,NA,NA,60,36,21,3,25,15,9,7,0,18,2,35,NA,NA,4,0,10,NA,0,NA,NA,NA,NA,20.7,NA,0,NA,NA,37,18,16,3,11,8,7,7,0,14,1,18,NA,NA,19,19.7,NA,NA,21.4,NA,NA,NA,NA,NA,NA,18.3,NA,NA,23,18,5,0,14,7,2,0,0,4,1,17,NA,NA,NA,8.1,NA,5,48,5,NA,2.4,NA,4,32,1,NA,15.6,NA,1,16,4,2023
"QN30: Had a suicide attempt that resulted in an injury, poisoning, or overdose that had to be treated by a doctor or nurse",Southwestern,2.1,1.6,3.3000000000000003,NA,2.1,0,NA,NA,NA,15.2,NA,0,NA,NA,60,36,21,3,25,15,9,7,0,18,2,35,NA,NA,2,0,5,NA,0,NA,NA,NA,NA,10.4,NA,0,NA,NA,37,18,16,3,11,8,7,7,0,14,1,18,NA,NA,2.1999999999999997,2.8000000000000003,NA,NA,3.4000000000000004,NA,NA,NA,NA,NA,NA,0,NA,NA,23,18,5,0,14,7,2,0,0,4,1,17,NA,NA,NA,1.3,NA,5,48,5,NA,2.4,NA,4,32,1,NA,0,NA,1,16,4,2023
QN84: Reported that their mental health was most of the time or always not good,Southwestern,37.2,41.3,32.300000000000004,NA,44,28.499999999999996,46.400000000000006,NA,NA,38.9,NA,36.7,NA,NA,67,39,25,3,27,16,13,7,0,21,2,37,NA,NA,15.4,13.8,17.299999999999997,NA,18.9,NA,NA,NA,NA,25.5,NA,10.6,NA,NA,40,20,17,3,12,9,8,7,0,15,1,20,NA,NA,60,62.2,NA,NA,60.6,NA,NA,NA,NA,NA,NA,61.6,NA,NA,27,19,8,0,15,7,5,0,0,6,1,17,NA,NA,NA,22.7,NA,7,52,6,NA,3.5000000000000004,NA,4,34,1,NA,47.599999999999994,NA,3,18,5,2023
